generic,brand,category,categoryUr,dosageForm,strength,prescription,usesEn,usesUr,sideEn,sideUr,warningEn,warningUr,contraindicationsEn,contraindicationsUr,interactionsEn,interactionsUr,pregnancyEn,pregnancyUr,pediatricEn,pediatricUr,drapRegistrationNo,marketStatus,sourceStatus
Paracetamol,Panadol,Pain & Fever,بخار اور درد,,,False,Fever; mild–moderate pain,بخار؛ ہلکے سے درمیانے درد,Nausea; rash; overdose can cause severe liver injury,متلی؛ ریش؛ زیادہ مقدار جگر کو شدید نقصان دے سکتی ہے,Do not exceed label/prescribed dose; check combination products.,مقررہ مقدار سے زیادہ نہ لیں؛ combination products میں paracetamol چیک کریں۔,Check approved product information and patient-specific contraindications before use.,استعمال سے پہلے approved product information اور مریض کی مخصوص contraindications چیک کریں۔,Check the complete medication list for clinically relevant interactions.,تمام استعمال ہونے والی medicines کی فہرست سے clinically relevant interactions چیک کریں۔,Use only after an indication-specific professional assessment.,صرف indication-specific professional assessment کے بعد استعمال کریں۔,"Pediatric use depends on age, weight, indication and formulation; do not infer a dose from this app.",بچوں میں استعمال عمر، وزن، indication اور formulation پر منحصر ہے؛ اس ایپ سے dose اخذ نہ کریں۔,,Verify current Pakistan status,Curated reference — pharmacist review required
Ibuprofen,Brufen,Pain & Fever,درد اور سوزش,,,False,Pain; fever; inflammation,درد؛ بخار؛ سوزش,Indigestion; heartburn; ulcer/bleeding risk,بدہضمی؛ جلن؛ السر/خون بہنے کا خطرہ,"Avoid in active ulcer, significant kidney disease or NSAID hypersensitivity; pregnancy needs clinician advice.",فعال السر، اہم گردوں کی بیماری یا NSAID allergy میں احتیاط؛ حمل میں ڈاکٹر سے مشورہ۔,Check approved product information and patient-specific contraindications before use.,استعمال سے پہلے approved product information اور مریض کی مخصوص contraindications چیک کریں۔,Check the complete medication list for clinically relevant interactions.,تمام استعمال ہونے والی medicines کی فہرست سے clinically relevant interactions چیک کریں۔,Use only after an indication-specific professional assessment.,صرف indication-specific professional assessment کے بعد استعمال کریں۔,"Pediatric use depends on age, weight, indication and formulation; do not infer a dose from this app.",بچوں میں استعمال عمر، وزن، indication اور formulation پر منحصر ہے؛ اس ایپ سے dose اخذ نہ کریں۔,,Verify current Pakistan status,Curated reference — pharmacist review required
Mefenamic Acid,Ponstan,Pain & Fever,درد اور سوزش,,,False,Short-term pain; menstrual pain,قلیل مدتی درد؛ ماہواری کا درد,Dyspepsia; abdominal pain; GI bleeding risk,بدہضمی؛ پیٹ درد؛ معدے سے خون بہنے کا خطرہ,Use the lowest effective dose for the shortest time; avoid duplicate NSAIDs.,کم سے کم مؤثر خوراک کم مدت کے لیے؛ دوسری NSAIDs کے ساتھ خود سے نہ ملائیں۔,Check approved product information and patient-specific contraindications before use.,استعمال سے پہلے approved product information اور مریض کی مخصوص contraindications چیک کریں۔,Check the complete medication list for clinically relevant interactions.,تمام استعمال ہونے والی medicines کی فہرست سے clinically relevant interactions چیک کریں۔,Use only after an indication-specific professional assessment.,صرف indication-specific professional assessment کے بعد استعمال کریں۔,"Pediatric use depends on age, weight, indication and formulation; do not infer a dose from this app.",بچوں میں استعمال عمر، وزن، indication اور formulation پر منحصر ہے؛ اس ایپ سے dose اخذ نہ کریں۔,,Verify current Pakistan status,Curated reference — pharmacist review required
Diclofenac,Voltaren,Pain & Fever,درد اور سوزش,,,False,Pain and inflammatory conditions,درد اور سوزش والی حالتیں,Dyspepsia; nausea; GI bleeding; cardiovascular risk,بدہضمی؛ متلی؛ معدے سے خون بہنا؛ قلبی خطرات,Avoid unnecessary long-term use; consider GI/CV/renal risk.,بلا ضرورت طویل استعمال سے پرہیز؛ معدہ، دل اور گردوں کے خطرات دیکھیں۔,Check approved product information and patient-specific contraindications before use.,استعمال سے پہلے approved product information اور مریض کی مخصوص contraindications چیک کریں۔,Check the complete medication list for clinically relevant interactions.,تمام استعمال ہونے والی medicines کی فہرست سے clinically relevant interactions چیک کریں۔,Use only after an indication-specific professional assessment.,صرف indication-specific professional assessment کے بعد استعمال کریں۔,"Pediatric use depends on age, weight, indication and formulation; do not infer a dose from this app.",بچوں میں استعمال عمر، وزن، indication اور formulation پر منحصر ہے؛ اس ایپ سے dose اخذ نہ کریں۔,,Verify current Pakistan status,Curated reference — pharmacist review required
Aceclofenac,Aceclofenac brands,Pain & Fever,درد اور سوزش,,,False,Musculoskeletal pain/inflammation,پٹھوں اور جوڑوں کا درد/سوزش,Dyspepsia; nausea; GI effects,بدہضمی؛ متلی؛ معدے کی تکلیف,NSAID; avoid duplicate NSAIDs and use caution with ulcer/renal disease.,NSAID؛ دوسری NSAIDs کے ساتھ نہ ملائیں؛ السر/گردوں کی بیماری میں احتیاط۔,Check approved product information and patient-specific contraindications before use.,استعمال سے پہلے approved product information اور مریض کی مخصوص contraindications چیک کریں۔,Check the complete medication list for clinically relevant interactions.,تمام استعمال ہونے والی medicines کی فہرست سے clinically relevant interactions چیک کریں۔,Use only after an indication-specific professional assessment.,صرف indication-specific professional assessment کے بعد استعمال کریں۔,"Pediatric use depends on age, weight, indication and formulation; do not infer a dose from this app.",بچوں میں استعمال عمر، وزن، indication اور formulation پر منحصر ہے؛ اس ایپ سے dose اخذ نہ کریں۔,,Verify current Pakistan status,Curated reference — pharmacist review required
Naproxen,Naprosyn,Pain & Fever,درد اور سوزش,,,False,Pain and inflammatory conditions,درد اور سوزش والی حالتیں,Dyspepsia; ulcer/bleeding; edema,بدہضمی؛ السر/خون بہنا؛ سوجن,"Use cautiously with GI, renal or cardiovascular disease.",معدے، گردوں یا دل کی بیماری میں احتیاط۔,Check approved product information and patient-specific contraindications before use.,استعمال سے پہلے approved product information اور مریض کی مخصوص contraindications چیک کریں۔,Check the complete medication list for clinically relevant interactions.,تمام استعمال ہونے والی medicines کی فہرست سے clinically relevant interactions چیک کریں۔,Use only after an indication-specific professional assessment.,صرف indication-specific professional assessment کے بعد استعمال کریں۔,"Pediatric use depends on age, weight, indication and formulation; do not infer a dose from this app.",بچوں میں استعمال عمر، وزن، indication اور formulation پر منحصر ہے؛ اس ایپ سے dose اخذ نہ کریں۔,,Verify current Pakistan status,Curated reference — pharmacist review required
Aspirin,Disprin,Pain & Fever,درد اور بخار,,,False,Pain/fever in selected adults; antiplatelet use at low dose,منتخب بالغوں میں درد/بخار؛ کم خوراک میں antiplatelet استعمال,Dyspepsia; bleeding; bronchospasm in susceptible patients,بدہضمی؛ خون بہنا؛ بعض افراد میں سانس کی تنگی,Do not give aspirin to children/teenagers with viral illness; low-dose use should follow clinician advice.,وائرل بیماری میں بچوں/نوجوانوں کو نہ دیں؛ low-dose استعمال ڈاکٹر کے مشورے سے۔,Check approved product information and patient-specific contraindications before use.,استعمال سے پہلے approved product information اور مریض کی مخصوص contraindications چیک کریں۔,Check the complete medication list for clinically relevant interactions.,تمام استعمال ہونے والی medicines کی فہرست سے clinically relevant interactions چیک کریں۔,Use only after an indication-specific professional assessment.,صرف indication-specific professional assessment کے بعد استعمال کریں۔,"Pediatric use depends on age, weight, indication and formulation; do not infer a dose from this app.",بچوں میں استعمال عمر، وزن، indication اور formulation پر منحصر ہے؛ اس ایپ سے dose اخذ نہ کریں۔,,Verify current Pakistan status,Curated reference — pharmacist review required
Omeprazole,Risek,Gastrointestinal,معدہ اور تیزابیت,,,False,GERD; acid-related disorders; ulcers,GERD؛ تیزابیت سے متعلق بیماری؛ السر,Headache; abdominal symptoms; diarrhea,سر درد؛ پیٹ کی تکلیف؛ دست,"Persistent symptoms, alarm features or prolonged use need medical review.",مسلسل علامات یا طویل استعمال میں طبی معائنہ ضروری ہے۔,Check approved product information and patient-specific contraindications before use.,استعمال سے پہلے approved product information اور مریض کی مخصوص contraindications چیک کریں۔,Check the complete medication list for clinically relevant interactions.,تمام استعمال ہونے والی medicines کی فہرست سے clinically relevant interactions چیک کریں۔,Use only after an indication-specific professional assessment.,صرف indication-specific professional assessment کے بعد استعمال کریں۔,"Pediatric use depends on age, weight, indication and formulation; do not infer a dose from this app.",بچوں میں استعمال عمر، وزن، indication اور formulation پر منحصر ہے؛ اس ایپ سے dose اخذ نہ کریں۔,,Verify current Pakistan status,Curated reference — pharmacist review required
Esomeprazole,Nexum,Gastrointestinal,معدہ اور تیزابیت,,,False,GERD; acid-related disorders,GERD؛ تیزابیت سے متعلق بیماری,Headache; diarrhea; abdominal discomfort,سر درد؛ دست؛ پیٹ کی تکلیف,Long-term use should be clinically reviewed.,طویل استعمال ڈاکٹر سے review کروائیں۔,Check approved product information and patient-specific contraindications before use.,استعمال سے پہلے approved product information اور مریض کی مخصوص contraindications چیک کریں۔,Check the complete medication list for clinically relevant interactions.,تمام استعمال ہونے والی medicines کی فہرست سے clinically relevant interactions چیک کریں۔,Use only after an indication-specific professional assessment.,صرف indication-specific professional assessment کے بعد استعمال کریں۔,"Pediatric use depends on age, weight, indication and formulation; do not infer a dose from this app.",بچوں میں استعمال عمر، وزن، indication اور formulation پر منحصر ہے؛ اس ایپ سے dose اخذ نہ کریں۔,,Verify current Pakistan status,Curated reference — pharmacist review required
Pantoprazole,Somac,Gastrointestinal,معدہ اور تیزابیت,,,False,GERD; acid-related disorders,GERD؛ تیزابیت سے متعلق بیماری,Headache; diarrhea; abdominal discomfort,سر درد؛ دست؛ پیٹ کی تکلیف,Use according to diagnosis and duration; review persistent symptoms.,تشخیص اور مدت کے مطابق استعمال؛ مسلسل علامات میں معائنہ۔,Check approved product information and patient-specific contraindications before use.,استعمال سے پہلے approved product information اور مریض کی مخصوص contraindications چیک کریں۔,Check the complete medication list for clinically relevant interactions.,تمام استعمال ہونے والی medicines کی فہرست سے clinically relevant interactions چیک کریں۔,Use only after an indication-specific professional assessment.,صرف indication-specific professional assessment کے بعد استعمال کریں۔,"Pediatric use depends on age, weight, indication and formulation; do not infer a dose from this app.",بچوں میں استعمال عمر، وزن، indication اور formulation پر منحصر ہے؛ اس ایپ سے dose اخذ نہ کریں۔,,Verify current Pakistan status,Curated reference — pharmacist review required
Famotidine,Pepcid,Gastrointestinal,معدہ اور تیزابیت,,,False,Heartburn and acid-related disorders,سینے کی جلن اور تیزابیت,Headache; dizziness; GI symptoms,سر درد؛ چکر؛ معدے کی علامات,Dose adjustment may be needed in renal impairment.,گردوں کی کمزوری میں خوراک ایڈجسٹ ہو سکتی ہے۔,Check approved product information and patient-specific contraindications before use.,استعمال سے پہلے approved product information اور مریض کی مخصوص contraindications چیک کریں۔,Check the complete medication list for clinically relevant interactions.,تمام استعمال ہونے والی medicines کی فہرست سے clinically relevant interactions چیک کریں۔,Use only after an indication-specific professional assessment.,صرف indication-specific professional assessment کے بعد استعمال کریں۔,"Pediatric use depends on age, weight, indication and formulation; do not infer a dose from this app.",بچوں میں استعمال عمر، وزن، indication اور formulation پر منحصر ہے؛ اس ایپ سے dose اخذ نہ کریں۔,,Verify current Pakistan status,Curated reference — pharmacist review required
Ondansetron,Zofran,Nausea & Vomiting,متلی اور الٹی,,,True,Prevention/treatment of nausea and vomiting in selected settings,منتخب حالات میں متلی اور الٹی,Headache; constipation; QT prolongation risk,سر درد؛ قبض؛ QT prolongation کا خطرہ,Use caution with QT-prolonging drugs and electrolyte abnormalities.,QT prolonging ادویات اور electrolyte abnormalities میں احتیاط۔,Check approved product information and patient-specific contraindications before use.,استعمال سے پہلے approved product information اور مریض کی مخصوص contraindications چیک کریں۔,Check the complete medication list for clinically relevant interactions.,تمام استعمال ہونے والی medicines کی فہرست سے clinically relevant interactions چیک کریں۔,Use only after an indication-specific professional assessment.,صرف indication-specific professional assessment کے بعد استعمال کریں۔,"Pediatric use depends on age, weight, indication and formulation; do not infer a dose from this app.",بچوں میں استعمال عمر، وزن، indication اور formulation پر منحصر ہے؛ اس ایپ سے dose اخذ نہ کریں۔,,Verify current Pakistan status,Curated reference — pharmacist review required
Domperidone,Motilium,Nausea & Vomiting,متلی اور الٹی,,,True,Nausea/vomiting in selected indications,منتخب صورتوں میں متلی/الٹی,Dry mouth; headache; cardiac rhythm risk,منہ خشک؛ سر درد؛ دل کی دھڑکن کا خطرہ,Use only within approved indication/duration; assess cardiac risk and interactions.,صرف منظور شدہ indication/duration کے مطابق؛ cardiac risk اور interactions دیکھیں۔,Check approved product information and patient-specific contraindications before use.,استعمال سے پہلے approved product information اور مریض کی مخصوص contraindications چیک کریں۔,Check the complete medication list for clinically relevant interactions.,تمام استعمال ہونے والی medicines کی فہرست سے clinically relevant interactions چیک کریں۔,Use only after an indication-specific professional assessment.,صرف indication-specific professional assessment کے بعد استعمال کریں۔,"Pediatric use depends on age, weight, indication and formulation; do not infer a dose from this app.",بچوں میں استعمال عمر، وزن، indication اور formulation پر منحصر ہے؛ اس ایپ سے dose اخذ نہ کریں۔,,Verify current Pakistan status,Curated reference — pharmacist review required
Metoclopramide,Maxolon,Nausea & Vomiting,متلی اور الٹی,,,True,Nausea/vomiting in selected indications,منتخب صورتوں میں متلی/الٹی,Drowsiness; restlessness; extrapyramidal reactions,غنودگی؛ بے چینی؛ extrapyramidal reactions,Short-term use is generally preferred; contraindications/interactions matter.,عموماً مختصر مدت؛ contraindications/interactions کا خیال رکھیں۔,Check approved product information and patient-specific contraindications before use.,استعمال سے پہلے approved product information اور مریض کی مخصوص contraindications چیک کریں۔,Check the complete medication list for clinically relevant interactions.,تمام استعمال ہونے والی medicines کی فہرست سے clinically relevant interactions چیک کریں۔,Use only after an indication-specific professional assessment.,صرف indication-specific professional assessment کے بعد استعمال کریں۔,"Pediatric use depends on age, weight, indication and formulation; do not infer a dose from this app.",بچوں میں استعمال عمر، وزن، indication اور formulation پر منحصر ہے؛ اس ایپ سے dose اخذ نہ کریں۔,,Verify current Pakistan status,Curated reference — pharmacist review required
Amoxicillin,Amoxil,Antibiotics,اینٹی بایوٹکس,,,True,Susceptible bacterial infections,حساس بیکٹیریل انفیکشنز,Diarrhea; nausea; rash; allergy,دست؛ متلی؛ ریش؛ allergy,Use only for appropriate bacterial infection; penicillin allergy is important.,صرف مناسب bacterial infection میں؛ penicillin allergy اہم ہے۔,Check approved product information and patient-specific contraindications before use.,استعمال سے پہلے approved product information اور مریض کی مخصوص contraindications چیک کریں۔,Check the complete medication list for clinically relevant interactions.,تمام استعمال ہونے والی medicines کی فہرست سے clinically relevant interactions چیک کریں۔,Use only after an indication-specific professional assessment.,صرف indication-specific professional assessment کے بعد استعمال کریں۔,"Pediatric use depends on age, weight, indication and formulation; do not infer a dose from this app.",بچوں میں استعمال عمر، وزن، indication اور formulation پر منحصر ہے؛ اس ایپ سے dose اخذ نہ کریں۔,,Verify current Pakistan status,Curated reference — pharmacist review required
Amoxicillin + Clavulanate,Augmentin,Antibiotics,اینٹی بایوٹکس,,,True,Susceptible bacterial infections,حساس بیکٹیریل انفیکشنز,Diarrhea; nausea; rash,دست؛ متلی؛ ریش,Antibiotic stewardship; check penicillin allergy and indication.,antibiotic stewardship؛ penicillin allergy اور indication چیک کریں۔,Check approved product information and patient-specific contraindications before use.,استعمال سے پہلے approved product information اور مریض کی مخصوص contraindications چیک کریں۔,Check the complete medication list for clinically relevant interactions.,تمام استعمال ہونے والی medicines کی فہرست سے clinically relevant interactions چیک کریں۔,Use only after an indication-specific professional assessment.,صرف indication-specific professional assessment کے بعد استعمال کریں۔,"Pediatric use depends on age, weight, indication and formulation; do not infer a dose from this app.",بچوں میں استعمال عمر، وزن، indication اور formulation پر منحصر ہے؛ اس ایپ سے dose اخذ نہ کریں۔,,Verify current Pakistan status,Curated reference — pharmacist review required
Azithromycin,Azomax,Antibiotics,اینٹی بایوٹکس,,,True,Selected bacterial respiratory/other infections,منتخب bacterial respiratory/دیگر انفیکشنز,Nausea; diarrhea; abdominal pain; QT risk,متلی؛ دست؛ پیٹ درد؛ QT کا خطرہ,Not for routine viral URTI; review QT and interactions.,عام viral نزلہ زکام کے لیے نہیں؛ QT اور interactions چیک کریں۔,Check approved product information and patient-specific contraindications before use.,استعمال سے پہلے approved product information اور مریض کی مخصوص contraindications چیک کریں۔,Check the complete medication list for clinically relevant interactions.,تمام استعمال ہونے والی medicines کی فہرست سے clinically relevant interactions چیک کریں۔,Use only after an indication-specific professional assessment.,صرف indication-specific professional assessment کے بعد استعمال کریں۔,"Pediatric use depends on age, weight, indication and formulation; do not infer a dose from this app.",بچوں میں استعمال عمر، وزن، indication اور formulation پر منحصر ہے؛ اس ایپ سے dose اخذ نہ کریں۔,,Verify current Pakistan status,Curated reference — pharmacist review required
Ciprofloxacin,Ciproxin,Antibiotics,اینٹی بایوٹکس,,,True,Selected susceptible bacterial infections,منتخب حساس bacterial انفیکشنز,Nausea; diarrhea; CNS effects; tendon injury risk,متلی؛ دست؛ CNS اثرات؛ tendon injury کا خطرہ,Reserve for appropriate indications; important interaction and safety restrictions apply.,صرف مناسب indication؛ اہم interactions اور safety restrictions موجود ہیں۔,Check approved product information and patient-specific contraindications before use.,استعمال سے پہلے approved product information اور مریض کی مخصوص contraindications چیک کریں۔,Check the complete medication list for clinically relevant interactions.,تمام استعمال ہونے والی medicines کی فہرست سے clinically relevant interactions چیک کریں۔,Use only after an indication-specific professional assessment.,صرف indication-specific professional assessment کے بعد استعمال کریں۔,"Pediatric use depends on age, weight, indication and formulation; do not infer a dose from this app.",بچوں میں استعمال عمر، وزن، indication اور formulation پر منحصر ہے؛ اس ایپ سے dose اخذ نہ کریں۔,,Verify current Pakistan status,Curated reference — pharmacist review required
Metronidazole,Flagyl,Antibiotics,اینٹی بایوٹکس,,,True,Anaerobic/protozoal infections and selected dental/GI indications,anaerobic/protozoal اور بعض dental/GI انفیکشنز,Nausea; metallic taste; diarrhea,متلی؛ دھاتی ذائقہ؛ دست,Avoid alcohol during treatment and for the advised post-treatment interval.,علاج کے دوران اور ڈاکٹر کی بتائی مدت تک alcohol سے پرہیز۔,Check approved product information and patient-specific contraindications before use.,استعمال سے پہلے approved product information اور مریض کی مخصوص contraindications چیک کریں۔,Check the complete medication list for clinically relevant interactions.,تمام استعمال ہونے والی medicines کی فہرست سے clinically relevant interactions چیک کریں۔,Use only after an indication-specific professional assessment.,صرف indication-specific professional assessment کے بعد استعمال کریں۔,"Pediatric use depends on age, weight, indication and formulation; do not infer a dose from this app.",بچوں میں استعمال عمر، وزن، indication اور formulation پر منحصر ہے؛ اس ایپ سے dose اخذ نہ کریں۔,,Verify current Pakistan status,Curated reference — pharmacist review required
Cefixime,Cefspan,Antibiotics,اینٹی بایوٹکس,,,True,Selected susceptible bacterial infections,منتخب حساس bacterial انفیکشنز,Diarrhea; nausea; rash,دست؛ متلی؛ ریش,Use only when indicated; check allergy history.,صرف indication پر؛ allergy history چیک کریں۔,Check approved product information and patient-specific contraindications before use.,استعمال سے پہلے approved product information اور مریض کی مخصوص contraindications چیک کریں۔,Check the complete medication list for clinically relevant interactions.,تمام استعمال ہونے والی medicines کی فہرست سے clinically relevant interactions چیک کریں۔,Use only after an indication-specific professional assessment.,صرف indication-specific professional assessment کے بعد استعمال کریں۔,"Pediatric use depends on age, weight, indication and formulation; do not infer a dose from this app.",بچوں میں استعمال عمر، وزن، indication اور formulation پر منحصر ہے؛ اس ایپ سے dose اخذ نہ کریں۔,,Verify current Pakistan status,Curated reference — pharmacist review required
Ceftriaxone,Rocephin,Antibiotics,اینٹی بایوٹکس,,,True,Serious susceptible bacterial infections in clinical settings,سنگین حساس bacterial انفیکشنز,Injection-site reactions; diarrhea; allergy,انجیکشن والی جگہ پر ردعمل؛ دست؛ allergy,Parenteral prescription medicine; clinician supervision required.,انجیکشن prescription دوا؛ clinician supervision ضروری۔,Check approved product information and patient-specific contraindications before use.,استعمال سے پہلے approved product information اور مریض کی مخصوص contraindications چیک کریں۔,Check the complete medication list for clinically relevant interactions.,تمام استعمال ہونے والی medicines کی فہرست سے clinically relevant interactions چیک کریں۔,Use only after an indication-specific professional assessment.,صرف indication-specific professional assessment کے بعد استعمال کریں۔,"Pediatric use depends on age, weight, indication and formulation; do not infer a dose from this app.",بچوں میں استعمال عمر، وزن، indication اور formulation پر منحصر ہے؛ اس ایپ سے dose اخذ نہ کریں۔,,Verify current Pakistan status,Curated reference — pharmacist review required
Levofloxacin,Levoxin,Antibiotics,اینٹی بایوٹکس,,,True,Selected bacterial infections,منتخب bacterial انفیکشنز,Nausea; diarrhea; tendon/neurologic adverse effects,متلی؛ دست؛ tendon/neurologic adverse effects,Fluoroquinolone safety restrictions apply; use only when appropriate.,fluoroquinolone safety restrictions؛ صرف مناسب indication پر۔,Check approved product information and patient-specific contraindications before use.,استعمال سے پہلے approved product information اور مریض کی مخصوص contraindications چیک کریں۔,Check the complete medication list for clinically relevant interactions.,تمام استعمال ہونے والی medicines کی فہرست سے clinically relevant interactions چیک کریں۔,Use only after an indication-specific professional assessment.,صرف indication-specific professional assessment کے بعد استعمال کریں۔,"Pediatric use depends on age, weight, indication and formulation; do not infer a dose from this app.",بچوں میں استعمال عمر، وزن، indication اور formulation پر منحصر ہے؛ اس ایپ سے dose اخذ نہ کریں۔,,Verify current Pakistan status,Curated reference — pharmacist review required
Co-amoxiclav,Augmentin,Antibiotics,اینٹی بایوٹکس,,,True,Same as amoxicillin/clavulanate,اموکسی سلین/کلاوولینیٹ جیسی indications,GI upset; rash; allergy,معدے کی تکلیف؛ ریش؛ allergy,Duplicate entry/brand normalization should be handled in production.,production میں duplicate/brand normalization ضروری ہے۔,Check approved product information and patient-specific contraindications before use.,استعمال سے پہلے approved product information اور مریض کی مخصوص contraindications چیک کریں۔,Check the complete medication list for clinically relevant interactions.,تمام استعمال ہونے والی medicines کی فہرست سے clinically relevant interactions چیک کریں۔,Use only after an indication-specific professional assessment.,صرف indication-specific professional assessment کے بعد استعمال کریں۔,"Pediatric use depends on age, weight, indication and formulation; do not infer a dose from this app.",بچوں میں استعمال عمر، وزن، indication اور formulation پر منحصر ہے؛ اس ایپ سے dose اخذ نہ کریں۔,,Verify current Pakistan status,Curated reference — pharmacist review required
Cetirizine,Rigix,Allergy,الرجی,,,False,Allergic rhinitis; urticaria,الرجک rhinitis؛ urticaria,Drowsiness; dry mouth; fatigue,غنودگی؛ منہ خشک؛ تھکن,Caution with driving if drowsy.,غنودگی ہو تو driving میں احتیاط۔,Check approved product information and patient-specific contraindications before use.,استعمال سے پہلے approved product information اور مریض کی مخصوص contraindications چیک کریں۔,Check the complete medication list for clinically relevant interactions.,تمام استعمال ہونے والی medicines کی فہرست سے clinically relevant interactions چیک کریں۔,Use only after an indication-specific professional assessment.,صرف indication-specific professional assessment کے بعد استعمال کریں۔,"Pediatric use depends on age, weight, indication and formulation; do not infer a dose from this app.",بچوں میں استعمال عمر، وزن، indication اور formulation پر منحصر ہے؛ اس ایپ سے dose اخذ نہ کریں۔,,Verify current Pakistan status,Curated reference — pharmacist review required
Loratadine,Claritin,Allergy,الرجی,,,False,Allergic rhinitis; urticaria,الرجک rhinitis؛ urticaria,Headache; mild drowsiness in some people,سر درد؛ بعض افراد میں ہلکی غنودگی,Follow age-appropriate dosing; renal/hepatic impairment may require adjustment.,عمر کے مطابق خوراک؛ جگر/گردوں کی بیماری میں adjustment ہو سکتی ہے۔,Check approved product information and patient-specific contraindications before use.,استعمال سے پہلے approved product information اور مریض کی مخصوص contraindications چیک کریں۔,Check the complete medication list for clinically relevant interactions.,تمام استعمال ہونے والی medicines کی فہرست سے clinically relevant interactions چیک کریں۔,Use only after an indication-specific professional assessment.,صرف indication-specific professional assessment کے بعد استعمال کریں۔,"Pediatric use depends on age, weight, indication and formulation; do not infer a dose from this app.",بچوں میں استعمال عمر، وزن، indication اور formulation پر منحصر ہے؛ اس ایپ سے dose اخذ نہ کریں۔,,Verify current Pakistan status,Curated reference — pharmacist review required
Fexofenadine,Telfast,Allergy,الرجی,,,False,Allergic rhinitis; urticaria,الرجک rhinitis؛ urticaria,Headache; nausea,سر درد؛ متلی,Separate from aluminum/magnesium antacids when applicable.,aluminum/magnesium antacids سے مناسب وقفہ رکھیں۔,Check approved product information and patient-specific contraindications before use.,استعمال سے پہلے approved product information اور مریض کی مخصوص contraindications چیک کریں۔,Check the complete medication list for clinically relevant interactions.,تمام استعمال ہونے والی medicines کی فہرست سے clinically relevant interactions چیک کریں۔,Use only after an indication-specific professional assessment.,صرف indication-specific professional assessment کے بعد استعمال کریں۔,"Pediatric use depends on age, weight, indication and formulation; do not infer a dose from this app.",بچوں میں استعمال عمر، وزن، indication اور formulation پر منحصر ہے؛ اس ایپ سے dose اخذ نہ کریں۔,,Verify current Pakistan status,Curated reference — pharmacist review required
Levocetirizine,Xyzal,Allergy,الرجی,,,False,Allergic rhinitis; urticaria,الرجک rhinitis؛ urticaria,Drowsiness; fatigue; dry mouth,غنودگی؛ تھکن؛ منہ خشک,Dose adjustment may be needed in renal impairment.,گردوں کی بیماری میں خوراک adjust ہو سکتی ہے۔,Check approved product information and patient-specific contraindications before use.,استعمال سے پہلے approved product information اور مریض کی مخصوص contraindications چیک کریں۔,Check the complete medication list for clinically relevant interactions.,تمام استعمال ہونے والی medicines کی فہرست سے clinically relevant interactions چیک کریں۔,Use only after an indication-specific professional assessment.,صرف indication-specific professional assessment کے بعد استعمال کریں۔,"Pediatric use depends on age, weight, indication and formulation; do not infer a dose from this app.",بچوں میں استعمال عمر، وزن، indication اور formulation پر منحصر ہے؛ اس ایپ سے dose اخذ نہ کریں۔,,Verify current Pakistan status,Curated reference — pharmacist review required
Montelukast,Singulair,Respiratory,سانس اور الرجی,,,True,Asthma maintenance and allergic rhinitis in selected patients,منتخب مریضوں میں asthma control اور allergic rhinitis,Headache; abdominal symptoms; neuropsychiatric effects,سر درد؛ پیٹ کی علامات؛ neuropsychiatric effects,Not a rescue medicine for acute asthma; monitor mood/behavior changes.,acute asthma rescue کے لیے نہیں؛ mood/behavior changes کی نگرانی۔,Check approved product information and patient-specific contraindications before use.,استعمال سے پہلے approved product information اور مریض کی مخصوص contraindications چیک کریں۔,Check the complete medication list for clinically relevant interactions.,تمام استعمال ہونے والی medicines کی فہرست سے clinically relevant interactions چیک کریں۔,Use only after an indication-specific professional assessment.,صرف indication-specific professional assessment کے بعد استعمال کریں۔,"Pediatric use depends on age, weight, indication and formulation; do not infer a dose from this app.",بچوں میں استعمال عمر، وزن، indication اور formulation پر منحصر ہے؛ اس ایپ سے dose اخذ نہ کریں۔,,Verify current Pakistan status,Curated reference — pharmacist review required
Salbutamol,Ventolin,Respiratory,سانس,,,True,Relief of bronchospasm in asthma/COPD,asthma/COPD میں bronchospasm سے نجات,Tremor; palpitations; headache,کپکپی؛ دل کی دھڑکن تیز؛ سر درد,Frequent need for rescue inhaler warrants asthma review.,بار بار ضرورت پڑے تو asthma review ضروری ہے۔,Check approved product information and patient-specific contraindications before use.,استعمال سے پہلے approved product information اور مریض کی مخصوص contraindications چیک کریں۔,Check the complete medication list for clinically relevant interactions.,تمام استعمال ہونے والی medicines کی فہرست سے clinically relevant interactions چیک کریں۔,Use only after an indication-specific professional assessment.,صرف indication-specific professional assessment کے بعد استعمال کریں۔,"Pediatric use depends on age, weight, indication and formulation; do not infer a dose from this app.",بچوں میں استعمال عمر، وزن، indication اور formulation پر منحصر ہے؛ اس ایپ سے dose اخذ نہ کریں۔,,Verify current Pakistan status,Curated reference — pharmacist review required
Budesonide,Pulmicort,Respiratory,سانس,,,True,Inhaled corticosteroid for airway disease,airway disease کے لیے inhaled corticosteroid,Oral thrush; hoarseness; cough,منہ میں thrush؛ آواز بیٹھنا؛ کھانسی,Rinse mouth after inhalation; not a rapid-relief medicine.,inhalation کے بعد منہ کلی کریں؛ فوری relief کے لیے نہیں۔,Check approved product information and patient-specific contraindications before use.,استعمال سے پہلے approved product information اور مریض کی مخصوص contraindications چیک کریں۔,Check the complete medication list for clinically relevant interactions.,تمام استعمال ہونے والی medicines کی فہرست سے clinically relevant interactions چیک کریں۔,Use only after an indication-specific professional assessment.,صرف indication-specific professional assessment کے بعد استعمال کریں۔,"Pediatric use depends on age, weight, indication and formulation; do not infer a dose from this app.",بچوں میں استعمال عمر، وزن، indication اور formulation پر منحصر ہے؛ اس ایپ سے dose اخذ نہ کریں۔,,Verify current Pakistan status,Curated reference — pharmacist review required
Formoterol + Budesonide,Symbicort,Respiratory,سانس,,,True,Maintenance/controller therapy in selected asthma/COPD regimens,منتخب asthma/COPD regimens میں controller therapy,Thrush; tremor; palpitations,thrush؛ کپکپی؛ دل کی دھڑکن,Regimen depends on product/indication; technique and action plan matter.,regimen product/indication پر منحصر؛ inhaler technique اہم ہے۔,Check approved product information and patient-specific contraindications before use.,استعمال سے پہلے approved product information اور مریض کی مخصوص contraindications چیک کریں۔,Check the complete medication list for clinically relevant interactions.,تمام استعمال ہونے والی medicines کی فہرست سے clinically relevant interactions چیک کریں۔,Use only after an indication-specific professional assessment.,صرف indication-specific professional assessment کے بعد استعمال کریں۔,"Pediatric use depends on age, weight, indication and formulation; do not infer a dose from this app.",بچوں میں استعمال عمر، وزن، indication اور formulation پر منحصر ہے؛ اس ایپ سے dose اخذ نہ کریں۔,,Verify current Pakistan status,Curated reference — pharmacist review required
Ipratropium,Atrovent,Respiratory,سانس,,,True,Bronchodilation in COPD and selected settings,COPD اور منتخب حالات میں bronchodilation,Dry mouth; cough,منہ خشک؛ کھانسی,Avoid spraying into eyes; use correct inhaler technique.,آنکھوں میں spray نہ جانے دیں؛ درست technique۔,Check approved product information and patient-specific contraindications before use.,استعمال سے پہلے approved product information اور مریض کی مخصوص contraindications چیک کریں۔,Check the complete medication list for clinically relevant interactions.,تمام استعمال ہونے والی medicines کی فہرست سے clinically relevant interactions چیک کریں۔,Use only after an indication-specific professional assessment.,صرف indication-specific professional assessment کے بعد استعمال کریں۔,"Pediatric use depends on age, weight, indication and formulation; do not infer a dose from this app.",بچوں میں استعمال عمر، وزن، indication اور formulation پر منحصر ہے؛ اس ایپ سے dose اخذ نہ کریں۔,,Verify current Pakistan status,Curated reference — pharmacist review required
Dextromethorphan,Benadryl DM,Cough & Cold,کھانسی اور زکام,,,False,Cough suppression in selected adults/older children depending on product,منتخب مریضوں میں کھانسی کم کرنے کے لیے,Drowsiness; dizziness; nausea,غنودگی؛ چکر؛ متلی,Important interactions with serotonergic medicines; age restrictions vary by product.,serotonergic ادویات کے ساتھ interactions؛ عمر کی پابندیاں product کے مطابق۔,Check approved product information and patient-specific contraindications before use.,استعمال سے پہلے approved product information اور مریض کی مخصوص contraindications چیک کریں۔,Check the complete medication list for clinically relevant interactions.,تمام استعمال ہونے والی medicines کی فہرست سے clinically relevant interactions چیک کریں۔,Use only after an indication-specific professional assessment.,صرف indication-specific professional assessment کے بعد استعمال کریں۔,"Pediatric use depends on age, weight, indication and formulation; do not infer a dose from this app.",بچوں میں استعمال عمر، وزن، indication اور formulation پر منحصر ہے؛ اس ایپ سے dose اخذ نہ کریں۔,,Verify current Pakistan status,Curated reference — pharmacist review required
Guaifenesin,Mucinex,Cough & Cold,کھانسی اور زکام,,,False,Expectorant for productive cough,بلغم والی کھانسی میں expectorant,Nausea; dizziness,متلی؛ چکر,Hydration may help; persistent cough needs evaluation.,پانی مناسب پئیں؛ مسلسل کھانسی میں معائنہ ضروری۔,Check approved product information and patient-specific contraindications before use.,استعمال سے پہلے approved product information اور مریض کی مخصوص contraindications چیک کریں۔,Check the complete medication list for clinically relevant interactions.,تمام استعمال ہونے والی medicines کی فہرست سے clinically relevant interactions چیک کریں۔,Use only after an indication-specific professional assessment.,صرف indication-specific professional assessment کے بعد استعمال کریں۔,"Pediatric use depends on age, weight, indication and formulation; do not infer a dose from this app.",بچوں میں استعمال عمر، وزن، indication اور formulation پر منحصر ہے؛ اس ایپ سے dose اخذ نہ کریں۔,,Verify current Pakistan status,Curated reference — pharmacist review required
Pseudoephedrine,Sudafed,Cough & Cold,زکام,,,False,Nasal decongestion,ناک کی بندش میں decongestant,Insomnia; palpitations; increased BP,نیند میں خلل؛ دل کی دھڑکن؛ بلڈ پریشر بڑھنا,Avoid/caution in uncontrolled hypertension and certain cardiovascular conditions.,uncontrolled hypertension اور بعض دل کی بیماریوں میں احتیاط۔,Check approved product information and patient-specific contraindications before use.,استعمال سے پہلے approved product information اور مریض کی مخصوص contraindications چیک کریں۔,Check the complete medication list for clinically relevant interactions.,تمام استعمال ہونے والی medicines کی فہرست سے clinically relevant interactions چیک کریں۔,Use only after an indication-specific professional assessment.,صرف indication-specific professional assessment کے بعد استعمال کریں۔,"Pediatric use depends on age, weight, indication and formulation; do not infer a dose from this app.",بچوں میں استعمال عمر، وزن، indication اور formulation پر منحصر ہے؛ اس ایپ سے dose اخذ نہ کریں۔,,Verify current Pakistan status,Curated reference — pharmacist review required
Xylometazoline,Otrivin,Cough & Cold,ناک بند,,,False,Short-term nasal decongestion,قلیل مدتی nasal decongestion,Nasal irritation; rebound congestion with prolonged use,ناک میں جلن؛ زیادہ دن استعمال سے rebound congestion,Use only for short periods as directed.,صرف مختصر مدت کے لیے ہدایت کے مطابق۔,Check approved product information and patient-specific contraindications before use.,استعمال سے پہلے approved product information اور مریض کی مخصوص contraindications چیک کریں۔,Check the complete medication list for clinically relevant interactions.,تمام استعمال ہونے والی medicines کی فہرست سے clinically relevant interactions چیک کریں۔,Use only after an indication-specific professional assessment.,صرف indication-specific professional assessment کے بعد استعمال کریں۔,"Pediatric use depends on age, weight, indication and formulation; do not infer a dose from this app.",بچوں میں استعمال عمر، وزن، indication اور formulation پر منحصر ہے؛ اس ایپ سے dose اخذ نہ کریں۔,,Verify current Pakistan status,Curated reference — pharmacist review required
ORS,WHO-ORS,Gastrointestinal,دست اور پانی کی کمی,,,False,Oral rehydration for diarrhea/dehydration,دست اور dehydration میں oral rehydration,Usually minimal; vomiting if taken too quickly,عموماً کم؛ تیزی سے پینے پر الٹی ہو سکتی ہے,Correct mixing is essential; severe dehydration needs urgent care.,صحیح مقدار میں بنانا ضروری؛ شدید dehydration میں فوری طبی مدد۔,Check approved product information and patient-specific contraindications before use.,استعمال سے پہلے approved product information اور مریض کی مخصوص contraindications چیک کریں۔,Check the complete medication list for clinically relevant interactions.,تمام استعمال ہونے والی medicines کی فہرست سے clinically relevant interactions چیک کریں۔,Use only after an indication-specific professional assessment.,صرف indication-specific professional assessment کے بعد استعمال کریں۔,"Pediatric use depends on age, weight, indication and formulation; do not infer a dose from this app.",بچوں میں استعمال عمر، وزن، indication اور formulation پر منحصر ہے؛ اس ایپ سے dose اخذ نہ کریں۔,,Verify current Pakistan status,Curated reference — pharmacist review required
Loperamide,Imodium,Gastrointestinal,دست,,,False,Symptomatic relief of acute non-bloody diarrhea in selected adults,منتخب بالغوں میں acute non-bloody diarrhea کی symptomatic relief,Constipation; abdominal cramps,قبض؛ پیٹ میں مروڑ,"Do not use for bloody diarrhea, high fever or suspected invasive infection without medical advice.",خونی دست، تیز بخار یا invasive infection کے شک میں خود سے نہ لیں۔,Check approved product information and patient-specific contraindications before use.,استعمال سے پہلے approved product information اور مریض کی مخصوص contraindications چیک کریں۔,Check the complete medication list for clinically relevant interactions.,تمام استعمال ہونے والی medicines کی فہرست سے clinically relevant interactions چیک کریں۔,Use only after an indication-specific professional assessment.,صرف indication-specific professional assessment کے بعد استعمال کریں۔,"Pediatric use depends on age, weight, indication and formulation; do not infer a dose from this app.",بچوں میں استعمال عمر، وزن، indication اور formulation پر منحصر ہے؛ اس ایپ سے dose اخذ نہ کریں۔,,Verify current Pakistan status,Curated reference — pharmacist review required
Lactulose,Duphalac,Gastrointestinal,قبض,,,False,Constipation; selected hepatic encephalopathy regimens,قبض؛ منتخب hepatic encephalopathy regimens,Bloating; cramps; diarrhea,پیٹ پھولنا؛ مروڑ؛ دست,Adjust dose to stool response; excessive use causes electrolyte issues.,stool response کے مطابق dose؛ زیادہ استعمال electrolyte مسائل پیدا کر سکتا ہے۔,Check approved product information and patient-specific contraindications before use.,استعمال سے پہلے approved product information اور مریض کی مخصوص contraindications چیک کریں۔,Check the complete medication list for clinically relevant interactions.,تمام استعمال ہونے والی medicines کی فہرست سے clinically relevant interactions چیک کریں۔,Use only after an indication-specific professional assessment.,صرف indication-specific professional assessment کے بعد استعمال کریں۔,"Pediatric use depends on age, weight, indication and formulation; do not infer a dose from this app.",بچوں میں استعمال عمر، وزن، indication اور formulation پر منحصر ہے؛ اس ایپ سے dose اخذ نہ کریں۔,,Verify current Pakistan status,Curated reference — pharmacist review required
Bisacodyl,Dulcolax,Gastrointestinal,قبض,,,False,Short-term constipation relief,قلیل مدتی قبض سے نجات,Cramps; diarrhea,مروڑ؛ دست,Avoid chronic self-use; investigate persistent constipation.,مسلسل خود استعمال سے پرہیز؛ دائمی قبض کی وجہ معلوم کریں۔,Check approved product information and patient-specific contraindications before use.,استعمال سے پہلے approved product information اور مریض کی مخصوص contraindications چیک کریں۔,Check the complete medication list for clinically relevant interactions.,تمام استعمال ہونے والی medicines کی فہرست سے clinically relevant interactions چیک کریں۔,Use only after an indication-specific professional assessment.,صرف indication-specific professional assessment کے بعد استعمال کریں۔,"Pediatric use depends on age, weight, indication and formulation; do not infer a dose from this app.",بچوں میں استعمال عمر، وزن، indication اور formulation پر منحصر ہے؛ اس ایپ سے dose اخذ نہ کریں۔,,Verify current Pakistan status,Curated reference — pharmacist review required
Senna,Senokot,Gastrointestinal,قبض,,,False,Short-term stimulant laxative use,قلیل مدتی stimulant laxative,Abdominal cramps; diarrhea,پیٹ کے مروڑ؛ دست,Long-term unsupervised use is not recommended.,طویل غیر نگرانی شدہ استعمال مناسب نہیں۔,Check approved product information and patient-specific contraindications before use.,استعمال سے پہلے approved product information اور مریض کی مخصوص contraindications چیک کریں۔,Check the complete medication list for clinically relevant interactions.,تمام استعمال ہونے والی medicines کی فہرست سے clinically relevant interactions چیک کریں۔,Use only after an indication-specific professional assessment.,صرف indication-specific professional assessment کے بعد استعمال کریں۔,"Pediatric use depends on age, weight, indication and formulation; do not infer a dose from this app.",بچوں میں استعمال عمر، وزن، indication اور formulation پر منحصر ہے؛ اس ایپ سے dose اخذ نہ کریں۔,,Verify current Pakistan status,Curated reference — pharmacist review required
Metformin,Glucophage,Diabetes,ذیابیطس,,,True,Type 2 diabetes,ٹائپ 2 ذیابیطس,GI upset; diarrhea; nausea; B12 reduction with long-term use,معدے کی تکلیف؛ دست؛ متلی؛ طویل استعمال میں B12 کم ہو سکتا ہے,Renal function and acute illness matter; follow clinician plan.,گردوں کی حالت اور acute illness اہم ہیں؛ clinician plan کے مطابق۔,Check approved product information and patient-specific contraindications before use.,استعمال سے پہلے approved product information اور مریض کی مخصوص contraindications چیک کریں۔,Check the complete medication list for clinically relevant interactions.,تمام استعمال ہونے والی medicines کی فہرست سے clinically relevant interactions چیک کریں۔,Use only after an indication-specific professional assessment.,صرف indication-specific professional assessment کے بعد استعمال کریں۔,"Pediatric use depends on age, weight, indication and formulation; do not infer a dose from this app.",بچوں میں استعمال عمر، وزن، indication اور formulation پر منحصر ہے؛ اس ایپ سے dose اخذ نہ کریں۔,,Verify current Pakistan status,Curated reference — pharmacist review required
Glimepiride,Amaryl,Diabetes,ذیابیطس,,,True,Type 2 diabetes,ٹائپ 2 ذیابیطس,Hypoglycemia; weight gain,شوگر بہت کم ہونا؛ وزن بڑھنا,Teach hypoglycemia recognition; caution in renal/hepatic impairment.,hypoglycemia کی علامات سمجھیں؛ گردوں/جگر کی بیماری میں احتیاط۔,Check approved product information and patient-specific contraindications before use.,استعمال سے پہلے approved product information اور مریض کی مخصوص contraindications چیک کریں۔,Check the complete medication list for clinically relevant interactions.,تمام استعمال ہونے والی medicines کی فہرست سے clinically relevant interactions چیک کریں۔,Use only after an indication-specific professional assessment.,صرف indication-specific professional assessment کے بعد استعمال کریں۔,"Pediatric use depends on age, weight, indication and formulation; do not infer a dose from this app.",بچوں میں استعمال عمر، وزن، indication اور formulation پر منحصر ہے؛ اس ایپ سے dose اخذ نہ کریں۔,,Verify current Pakistan status,Curated reference — pharmacist review required
Gliclazide,Diamicron,Diabetes,ذیابیطس,,,True,Type 2 diabetes,ٹائپ 2 ذیابیطس,Hypoglycemia; weight gain,hypoglycemia؛ وزن بڑھنا,Regular meals and glucose monitoring are important.,کھانا باقاعدہ؛ glucose monitoring ضروری۔,Check approved product information and patient-specific contraindications before use.,استعمال سے پہلے approved product information اور مریض کی مخصوص contraindications چیک کریں۔,Check the complete medication list for clinically relevant interactions.,تمام استعمال ہونے والی medicines کی فہرست سے clinically relevant interactions چیک کریں۔,Use only after an indication-specific professional assessment.,صرف indication-specific professional assessment کے بعد استعمال کریں۔,"Pediatric use depends on age, weight, indication and formulation; do not infer a dose from this app.",بچوں میں استعمال عمر، وزن، indication اور formulation پر منحصر ہے؛ اس ایپ سے dose اخذ نہ کریں۔,,Verify current Pakistan status,Curated reference — pharmacist review required
Sitagliptin,Januvia,Diabetes,ذیابیطس,,,True,Type 2 diabetes,ٹائپ 2 ذیابیطس,Nasopharyngitis; headache; rare pancreatitis,نزلہ جیسی علامات؛ سر درد؛ نایاب pancreatitis,Renal dose adjustment may be needed.,گردوں کی بیماری میں dose adjustment ہو سکتی ہے۔,Check approved product information and patient-specific contraindications before use.,استعمال سے پہلے approved product information اور مریض کی مخصوص contraindications چیک کریں۔,Check the complete medication list for clinically relevant interactions.,تمام استعمال ہونے والی medicines کی فہرست سے clinically relevant interactions چیک کریں۔,Use only after an indication-specific professional assessment.,صرف indication-specific professional assessment کے بعد استعمال کریں۔,"Pediatric use depends on age, weight, indication and formulation; do not infer a dose from this app.",بچوں میں استعمال عمر، وزن، indication اور formulation پر منحصر ہے؛ اس ایپ سے dose اخذ نہ کریں۔,,Verify current Pakistan status,Curated reference — pharmacist review required
Empagliflozin,Jardiance,Diabetes,ذیابیطس,,,True,Type 2 diabetes; selected cardio-renal indications,ٹائپ 2 ذیابیطس؛ منتخب cardio-renal indications,Genital infections; dehydration; rare ketoacidosis,genital infections؛ dehydration؛ نایاب ketoacidosis,Sick-day guidance and renal function assessment are important.,sick-day guidance اور renal function assessment ضروری۔,Check approved product information and patient-specific contraindications before use.,استعمال سے پہلے approved product information اور مریض کی مخصوص contraindications چیک کریں۔,Check the complete medication list for clinically relevant interactions.,تمام استعمال ہونے والی medicines کی فہرست سے clinically relevant interactions چیک کریں۔,Use only after an indication-specific professional assessment.,صرف indication-specific professional assessment کے بعد استعمال کریں۔,"Pediatric use depends on age, weight, indication and formulation; do not infer a dose from this app.",بچوں میں استعمال عمر، وزن، indication اور formulation پر منحصر ہے؛ اس ایپ سے dose اخذ نہ کریں۔,,Verify current Pakistan status,Curated reference — pharmacist review required
Insulin human soluble,Actrapid,Diabetes,ذیابیطس,,,True,Insulin-requiring diabetes,انسولین کی ضرورت والی ذیابیطس,Hypoglycemia; weight gain,hypoglycemia؛ وزن بڑھنا,Dose must be individualized; storage and injection technique matter.,خوراک فرد کے مطابق؛ storage اور injection technique اہم۔,Check approved product information and patient-specific contraindications before use.,استعمال سے پہلے approved product information اور مریض کی مخصوص contraindications چیک کریں۔,Check the complete medication list for clinically relevant interactions.,تمام استعمال ہونے والی medicines کی فہرست سے clinically relevant interactions چیک کریں۔,Use only after an indication-specific professional assessment.,صرف indication-specific professional assessment کے بعد استعمال کریں۔,"Pediatric use depends on age, weight, indication and formulation; do not infer a dose from this app.",بچوں میں استعمال عمر، وزن، indication اور formulation پر منحصر ہے؛ اس ایپ سے dose اخذ نہ کریں۔,,Verify current Pakistan status,Curated reference — pharmacist review required
Amlodipine,Norvasc,Cardiovascular,بلڈ پریشر,,,True,Hypertension; angina,ہائی بلڈ پریشر؛ angina,Ankle edema; flushing; headache,ٹخنوں کی سوجن؛ چہرہ سرخ؛ سر درد,Monitor BP; edema is dose-related in some patients.,بلڈ پریشر مانیٹر کریں؛ بعض میں dose-related edema۔,Check approved product information and patient-specific contraindications before use.,استعمال سے پہلے approved product information اور مریض کی مخصوص contraindications چیک کریں۔,Check the complete medication list for clinically relevant interactions.,تمام استعمال ہونے والی medicines کی فہرست سے clinically relevant interactions چیک کریں۔,Use only after an indication-specific professional assessment.,صرف indication-specific professional assessment کے بعد استعمال کریں۔,"Pediatric use depends on age, weight, indication and formulation; do not infer a dose from this app.",بچوں میں استعمال عمر، وزن، indication اور formulation پر منحصر ہے؛ اس ایپ سے dose اخذ نہ کریں۔,,Verify current Pakistan status,Curated reference — pharmacist review required
Losartan,Cozaar,Cardiovascular,بلڈ پریشر,,,True,Hypertension; selected heart/kidney indications,ہائی بلڈ پریشر؛ منتخب heart/kidney indications,Dizziness; hyperkalemia,چکر؛ potassium بڑھنا,Avoid in pregnancy; monitor renal function and potassium.,حمل میں منع؛ renal function اور potassium مانیٹر کریں۔,Check approved product information and patient-specific contraindications before use.,استعمال سے پہلے approved product information اور مریض کی مخصوص contraindications چیک کریں۔,Check the complete medication list for clinically relevant interactions.,تمام استعمال ہونے والی medicines کی فہرست سے clinically relevant interactions چیک کریں۔,Use only after an indication-specific professional assessment.,صرف indication-specific professional assessment کے بعد استعمال کریں۔,"Pediatric use depends on age, weight, indication and formulation; do not infer a dose from this app.",بچوں میں استعمال عمر، وزن، indication اور formulation پر منحصر ہے؛ اس ایپ سے dose اخذ نہ کریں۔,,Verify current Pakistan status,Curated reference — pharmacist review required
Telmisartan,Micardis,Cardiovascular,بلڈ پریشر,,,True,Hypertension; cardiovascular risk reduction in selected patients,ہائی بلڈ پریشر؛ منتخب مریضوں میں cardiovascular risk reduction,Dizziness; hyperkalemia,چکر؛ potassium بڑھنا,Avoid in pregnancy; monitor renal function and potassium.,حمل میں منع؛ renal function اور potassium مانیٹر کریں۔,Check approved product information and patient-specific contraindications before use.,استعمال سے پہلے approved product information اور مریض کی مخصوص contraindications چیک کریں۔,Check the complete medication list for clinically relevant interactions.,تمام استعمال ہونے والی medicines کی فہرست سے clinically relevant interactions چیک کریں۔,Use only after an indication-specific professional assessment.,صرف indication-specific professional assessment کے بعد استعمال کریں۔,"Pediatric use depends on age, weight, indication and formulation; do not infer a dose from this app.",بچوں میں استعمال عمر، وزن، indication اور formulation پر منحصر ہے؛ اس ایپ سے dose اخذ نہ کریں۔,,Verify current Pakistan status,Curated reference — pharmacist review required
Valsartan,Diovan,Cardiovascular,بلڈ پریشر,,,True,Hypertension; heart failure in selected regimens,ہائی بلڈ پریشر؛ منتخب heart failure regimens,Dizziness; hyperkalemia,چکر؛ potassium بڑھنا,Avoid in pregnancy; monitor kidney function and potassium.,حمل میں منع؛ گردوں اور potassium کی نگرانی۔,Check approved product information and patient-specific contraindications before use.,استعمال سے پہلے approved product information اور مریض کی مخصوص contraindications چیک کریں۔,Check the complete medication list for clinically relevant interactions.,تمام استعمال ہونے والی medicines کی فہرست سے clinically relevant interactions چیک کریں۔,Use only after an indication-specific professional assessment.,صرف indication-specific professional assessment کے بعد استعمال کریں۔,"Pediatric use depends on age, weight, indication and formulation; do not infer a dose from this app.",بچوں میں استعمال عمر، وزن، indication اور formulation پر منحصر ہے؛ اس ایپ سے dose اخذ نہ کریں۔,,Verify current Pakistan status,Curated reference — pharmacist review required
Enalapril,Renitec,Cardiovascular,بلڈ پریشر,,,True,Hypertension; heart failure,ہائی بلڈ پریشر؛ heart failure,Cough; dizziness; hyperkalemia; angioedema,کھانسی؛ چکر؛ potassium بڑھنا؛ angioedema,Avoid in pregnancy; monitor renal function and potassium.,حمل میں منع؛ renal function اور potassium مانیٹر کریں۔,Check approved product information and patient-specific contraindications before use.,استعمال سے پہلے approved product information اور مریض کی مخصوص contraindications چیک کریں۔,Check the complete medication list for clinically relevant interactions.,تمام استعمال ہونے والی medicines کی فہرست سے clinically relevant interactions چیک کریں۔,Use only after an indication-specific professional assessment.,صرف indication-specific professional assessment کے بعد استعمال کریں۔,"Pediatric use depends on age, weight, indication and formulation; do not infer a dose from this app.",بچوں میں استعمال عمر، وزن، indication اور formulation پر منحصر ہے؛ اس ایپ سے dose اخذ نہ کریں۔,,Verify current Pakistan status,Curated reference — pharmacist review required
Bisoprolol,Concor,Cardiovascular,دل اور بلڈ پریشر,,,True,Hypertension; angina; heart failure in selected patients,ہائی بلڈ پریشر؛ angina؛ منتخب heart failure,Bradycardia; fatigue; dizziness,دل کی دھڑکن کم؛ تھکن؛ چکر,Do not stop abruptly without clinical advice.,ڈاکٹر کے مشورے کے بغیر اچانک بند نہ کریں۔,Check approved product information and patient-specific contraindications before use.,استعمال سے پہلے approved product information اور مریض کی مخصوص contraindications چیک کریں۔,Check the complete medication list for clinically relevant interactions.,تمام استعمال ہونے والی medicines کی فہرست سے clinically relevant interactions چیک کریں۔,Use only after an indication-specific professional assessment.,صرف indication-specific professional assessment کے بعد استعمال کریں۔,"Pediatric use depends on age, weight, indication and formulation; do not infer a dose from this app.",بچوں میں استعمال عمر، وزن، indication اور formulation پر منحصر ہے؛ اس ایپ سے dose اخذ نہ کریں۔,,Verify current Pakistan status,Curated reference — pharmacist review required
Atenolol,Tenormin,Cardiovascular,دل اور بلڈ پریشر,,,True,Hypertension; angina in selected patients,ہائی بلڈ پریشر؛ منتخب angina,Bradycardia; fatigue; cold extremities,دل کی دھڑکن کم؛ تھکن؛ ہاتھ پاؤں ٹھنڈے,Caution in asthma and diabetes; do not stop abruptly.,asthma/diabetes میں احتیاط؛ اچانک بند نہ کریں۔,Check approved product information and patient-specific contraindications before use.,استعمال سے پہلے approved product information اور مریض کی مخصوص contraindications چیک کریں۔,Check the complete medication list for clinically relevant interactions.,تمام استعمال ہونے والی medicines کی فہرست سے clinically relevant interactions چیک کریں۔,Use only after an indication-specific professional assessment.,صرف indication-specific professional assessment کے بعد استعمال کریں۔,"Pediatric use depends on age, weight, indication and formulation; do not infer a dose from this app.",بچوں میں استعمال عمر، وزن، indication اور formulation پر منحصر ہے؛ اس ایپ سے dose اخذ نہ کریں۔,,Verify current Pakistan status,Curated reference — pharmacist review required
Furosemide,Lasix,Cardiovascular,سوجن اور دل,,,True,Edema; heart failure; selected hypertension,edema؛ heart failure؛ منتخب hypertension,Dehydration; electrolyte loss; dizziness,dehydration؛ electrolytes کم؛ چکر,"Monitor electrolytes, renal function and volume status.",electrolytes، renal function اور fluid status مانیٹر کریں۔,Check approved product information and patient-specific contraindications before use.,استعمال سے پہلے approved product information اور مریض کی مخصوص contraindications چیک کریں۔,Check the complete medication list for clinically relevant interactions.,تمام استعمال ہونے والی medicines کی فہرست سے clinically relevant interactions چیک کریں۔,Use only after an indication-specific professional assessment.,صرف indication-specific professional assessment کے بعد استعمال کریں۔,"Pediatric use depends on age, weight, indication and formulation; do not infer a dose from this app.",بچوں میں استعمال عمر، وزن، indication اور formulation پر منحصر ہے؛ اس ایپ سے dose اخذ نہ کریں۔,,Verify current Pakistan status,Curated reference — pharmacist review required
Spironolactone,Aldactone,Cardiovascular,دل اور سوجن,,,True,Heart failure; edema; selected hypertension/hyperaldosteronism,heart failure؛ edema؛ منتخب hypertension/hyperaldosteronism,Hyperkalemia; breast tenderness; renal effects,potassium بڑھنا؛ breast tenderness؛ renal effects,Monitor potassium and renal function; interactions matter.,potassium اور renal function مانیٹر کریں؛ interactions اہم ہیں۔,Check approved product information and patient-specific contraindications before use.,استعمال سے پہلے approved product information اور مریض کی مخصوص contraindications چیک کریں۔,Check the complete medication list for clinically relevant interactions.,تمام استعمال ہونے والی medicines کی فہرست سے clinically relevant interactions چیک کریں۔,Use only after an indication-specific professional assessment.,صرف indication-specific professional assessment کے بعد استعمال کریں۔,"Pediatric use depends on age, weight, indication and formulation; do not infer a dose from this app.",بچوں میں استعمال عمر، وزن، indication اور formulation پر منحصر ہے؛ اس ایپ سے dose اخذ نہ کریں۔,,Verify current Pakistan status,Curated reference — pharmacist review required
Atorvastatin,Lipitor,Lipid Lowering,کولیسٹرول,,,True,Hypercholesterolemia; cardiovascular risk reduction,کولیسٹرول؛ cardiovascular risk reduction,Muscle aches; liver enzyme elevation,پٹھوں میں درد؛ liver enzymes بڑھنا,Review interactions; report unexplained severe muscle pain.,interactions چیک کریں؛ شدید غیر واضح muscle pain رپورٹ کریں۔,Check approved product information and patient-specific contraindications before use.,استعمال سے پہلے approved product information اور مریض کی مخصوص contraindications چیک کریں۔,Check the complete medication list for clinically relevant interactions.,تمام استعمال ہونے والی medicines کی فہرست سے clinically relevant interactions چیک کریں۔,Use only after an indication-specific professional assessment.,صرف indication-specific professional assessment کے بعد استعمال کریں۔,"Pediatric use depends on age, weight, indication and formulation; do not infer a dose from this app.",بچوں میں استعمال عمر، وزن، indication اور formulation پر منحصر ہے؛ اس ایپ سے dose اخذ نہ کریں۔,,Verify current Pakistan status,Curated reference — pharmacist review required
Rosuvastatin,Crestor,Lipid Lowering,کولیسٹرول,,,True,Hypercholesterolemia; cardiovascular risk reduction,کولیسٹرول؛ cardiovascular risk reduction,Muscle aches; liver enzyme elevation,پٹھوں میں درد؛ liver enzymes بڑھنا,Dose and interactions should be reviewed; avoid in pregnancy.,خوراک/interactions review؛ حمل میں منع۔,Check approved product information and patient-specific contraindications before use.,استعمال سے پہلے approved product information اور مریض کی مخصوص contraindications چیک کریں۔,Check the complete medication list for clinically relevant interactions.,تمام استعمال ہونے والی medicines کی فہرست سے clinically relevant interactions چیک کریں۔,Use only after an indication-specific professional assessment.,صرف indication-specific professional assessment کے بعد استعمال کریں۔,"Pediatric use depends on age, weight, indication and formulation; do not infer a dose from this app.",بچوں میں استعمال عمر، وزن، indication اور formulation پر منحصر ہے؛ اس ایپ سے dose اخذ نہ کریں۔,,Verify current Pakistan status,Curated reference — pharmacist review required
Clopidogrel,Plavix,Antiplatelet,خون کے لوتھڑے سے بچاؤ,,,True,Prevention of atherothrombotic events in selected patients,منتخب مریضوں میں atherothrombotic events کی روک تھام,Bleeding; bruising; dyspepsia,خون بہنا؛ نیل؛ بدہضمی,Do not stop after stent/ACS without prescriber advice.,stent/ACS کے بعد ڈاکٹر کے بغیر بند نہ کریں۔,Check approved product information and patient-specific contraindications before use.,استعمال سے پہلے approved product information اور مریض کی مخصوص contraindications چیک کریں۔,Check the complete medication list for clinically relevant interactions.,تمام استعمال ہونے والی medicines کی فہرست سے clinically relevant interactions چیک کریں۔,Use only after an indication-specific professional assessment.,صرف indication-specific professional assessment کے بعد استعمال کریں۔,"Pediatric use depends on age, weight, indication and formulation; do not infer a dose from this app.",بچوں میں استعمال عمر، وزن، indication اور formulation پر منحصر ہے؛ اس ایپ سے dose اخذ نہ کریں۔,,Verify current Pakistan status,Curated reference — pharmacist review required
Warfarin,Marevan,Anticoagulant,خون پتلا,,,True,Prevention/treatment of thromboembolism in selected indications,منتخب indications میں thromboembolism کی روک تھام/علاج,Bleeding,خون بہنا,Requires INR monitoring and interaction/diet management.,INR monitoring اور interactions/diet management ضروری۔,Check approved product information and patient-specific contraindications before use.,استعمال سے پہلے approved product information اور مریض کی مخصوص contraindications چیک کریں۔,Check the complete medication list for clinically relevant interactions.,تمام استعمال ہونے والی medicines کی فہرست سے clinically relevant interactions چیک کریں۔,Use only after an indication-specific professional assessment.,صرف indication-specific professional assessment کے بعد استعمال کریں۔,"Pediatric use depends on age, weight, indication and formulation; do not infer a dose from this app.",بچوں میں استعمال عمر، وزن، indication اور formulation پر منحصر ہے؛ اس ایپ سے dose اخذ نہ کریں۔,,Verify current Pakistan status,Curated reference — pharmacist review required
Apixaban,Eliquis,Anticoagulant,خون پتلا,,,True,Stroke prevention in AF; VTE treatment/prevention in selected patients,AF میں stroke prevention؛ منتخب VTE indications,Bleeding; anemia,خون بہنا؛ خون کی کمی,Dose depends on indication and patient factors; do not stop abruptly without advice.,indication/patient factors کے مطابق dose؛ بغیر مشورے اچانک بند نہ کریں۔,Check approved product information and patient-specific contraindications before use.,استعمال سے پہلے approved product information اور مریض کی مخصوص contraindications چیک کریں۔,Check the complete medication list for clinically relevant interactions.,تمام استعمال ہونے والی medicines کی فہرست سے clinically relevant interactions چیک کریں۔,Use only after an indication-specific professional assessment.,صرف indication-specific professional assessment کے بعد استعمال کریں۔,"Pediatric use depends on age, weight, indication and formulation; do not infer a dose from this app.",بچوں میں استعمال عمر، وزن، indication اور formulation پر منحصر ہے؛ اس ایپ سے dose اخذ نہ کریں۔,,Verify current Pakistan status,Curated reference — pharmacist review required
Pregabalin,Lyrica,Neuropathic Pain,اعصابی درد,,,True,Neuropathic pain; selected seizure disorders,اعصابی درد؛ منتخب seizure disorders,Dizziness; somnolence; edema; weight gain,چکر؛ غنودگی؛ سوجن؛ وزن بڑھنا,Controlled/prescription medicine in many settings; tapering may be needed.,prescription دوا؛ بند کرتے وقت tapering کی ضرورت ہو سکتی ہے۔,Check approved product information and patient-specific contraindications before use.,استعمال سے پہلے approved product information اور مریض کی مخصوص contraindications چیک کریں۔,Check the complete medication list for clinically relevant interactions.,تمام استعمال ہونے والی medicines کی فہرست سے clinically relevant interactions چیک کریں۔,Use only after an indication-specific professional assessment.,صرف indication-specific professional assessment کے بعد استعمال کریں۔,"Pediatric use depends on age, weight, indication and formulation; do not infer a dose from this app.",بچوں میں استعمال عمر، وزن، indication اور formulation پر منحصر ہے؛ اس ایپ سے dose اخذ نہ کریں۔,,Verify current Pakistan status,Curated reference — pharmacist review required
Gabapentin,Neurontin,Neuropathic Pain,اعصابی درد,,,True,Neuropathic pain; selected seizure disorders,اعصابی درد؛ منتخب seizure disorders,Dizziness; somnolence; edema,چکر؛ غنودگی؛ سوجن,Renal dosing and CNS depressant interactions matter.,renal dosing اور CNS depressant interactions اہم ہیں۔,Check approved product information and patient-specific contraindications before use.,استعمال سے پہلے approved product information اور مریض کی مخصوص contraindications چیک کریں۔,Check the complete medication list for clinically relevant interactions.,تمام استعمال ہونے والی medicines کی فہرست سے clinically relevant interactions چیک کریں۔,Use only after an indication-specific professional assessment.,صرف indication-specific professional assessment کے بعد استعمال کریں۔,"Pediatric use depends on age, weight, indication and formulation; do not infer a dose from this app.",بچوں میں استعمال عمر، وزن، indication اور formulation پر منحصر ہے؛ اس ایپ سے dose اخذ نہ کریں۔,,Verify current Pakistan status,Curated reference — pharmacist review required
Amitriptyline,Tryptizol,Neuropathic Pain,اعصابی درد,,,True,Neuropathic pain; depression in selected settings,اعصابی درد؛ منتخب حالات میں depression,Drowsiness; dry mouth; constipation,غنودگی؛ منہ خشک؛ قبض,"Caution with cardiac disease, glaucoma and overdose risk.",دل کی بیماری، glaucoma اور overdose risk میں احتیاط۔,Check approved product information and patient-specific contraindications before use.,استعمال سے پہلے approved product information اور مریض کی مخصوص contraindications چیک کریں۔,Check the complete medication list for clinically relevant interactions.,تمام استعمال ہونے والی medicines کی فہرست سے clinically relevant interactions چیک کریں۔,Use only after an indication-specific professional assessment.,صرف indication-specific professional assessment کے بعد استعمال کریں۔,"Pediatric use depends on age, weight, indication and formulation; do not infer a dose from this app.",بچوں میں استعمال عمر، وزن، indication اور formulation پر منحصر ہے؛ اس ایپ سے dose اخذ نہ کریں۔,,Verify current Pakistan status,Curated reference — pharmacist review required
Escitalopram,Lexapro,Mental Health,ڈپریشن/اضطراب,,,True,Depression; generalized anxiety and related disorders,ڈپریشن؛ anxiety disorders,Nausea; headache; sexual dysfunction,متلی؛ سر درد؛ sexual dysfunction,Prescription medicine; onset is gradual and discontinuation should be supervised.,prescription؛ اثر بتدریج؛ بند کرنا supervised ہونا چاہیے۔,Check approved product information and patient-specific contraindications before use.,استعمال سے پہلے approved product information اور مریض کی مخصوص contraindications چیک کریں۔,Check the complete medication list for clinically relevant interactions.,تمام استعمال ہونے والی medicines کی فہرست سے clinically relevant interactions چیک کریں۔,Use only after an indication-specific professional assessment.,صرف indication-specific professional assessment کے بعد استعمال کریں۔,"Pediatric use depends on age, weight, indication and formulation; do not infer a dose from this app.",بچوں میں استعمال عمر، وزن، indication اور formulation پر منحصر ہے؛ اس ایپ سے dose اخذ نہ کریں۔,,Verify current Pakistan status,Curated reference — pharmacist review required
Sertraline,Zoloft,Mental Health,ڈپریشن/اضطراب,,,True,Depression; anxiety and related disorders,ڈپریشن؛ anxiety disorders,Nausea; diarrhea; sleep/sexual effects,متلی؛ دست؛ نیند/sexual effects,Do not stop abruptly; monitor early adverse effects and interactions.,اچانک بند نہ کریں؛ شروع کے adverse effects/interactions دیکھیں۔,Check approved product information and patient-specific contraindications before use.,استعمال سے پہلے approved product information اور مریض کی مخصوص contraindications چیک کریں۔,Check the complete medication list for clinically relevant interactions.,تمام استعمال ہونے والی medicines کی فہرست سے clinically relevant interactions چیک کریں۔,Use only after an indication-specific professional assessment.,صرف indication-specific professional assessment کے بعد استعمال کریں۔,"Pediatric use depends on age, weight, indication and formulation; do not infer a dose from this app.",بچوں میں استعمال عمر، وزن، indication اور formulation پر منحصر ہے؛ اس ایپ سے dose اخذ نہ کریں۔,,Verify current Pakistan status,Curated reference — pharmacist review required
Alprazolam,Xanax,Mental Health,اضطراب,,,True,Short-term anxiety/panic treatment in selected cases,منتخب حالات میں قلیل مدتی anxiety/panic treatment,Drowsiness; impaired coordination; dependence,غنودگی؛ coordination متاثر؛ dependence,Controlled medicine; avoid alcohol and driving; dependence risk.,controlled دوا؛ alcohol/driving سے پرہیز؛ dependence کا خطرہ۔,Check approved product information and patient-specific contraindications before use.,استعمال سے پہلے approved product information اور مریض کی مخصوص contraindications چیک کریں۔,Check the complete medication list for clinically relevant interactions.,تمام استعمال ہونے والی medicines کی فہرست سے clinically relevant interactions چیک کریں۔,Use only after an indication-specific professional assessment.,صرف indication-specific professional assessment کے بعد استعمال کریں۔,"Pediatric use depends on age, weight, indication and formulation; do not infer a dose from this app.",بچوں میں استعمال عمر، وزن، indication اور formulation پر منحصر ہے؛ اس ایپ سے dose اخذ نہ کریں۔,,Verify current Pakistan status,Curated reference — pharmacist review required
Clonazepam,Rivotril,Mental Health,اضطراب/مرگی,,,True,Selected seizure and panic disorders,منتخب seizure اور panic disorders,Drowsiness; impaired coordination; dependence,غنودگی؛ coordination متاثر؛ dependence,Controlled medicine; taper rather than abrupt discontinuation.,controlled دوا؛ اچانک بند کرنے کے بجائے taper۔,Check approved product information and patient-specific contraindications before use.,استعمال سے پہلے approved product information اور مریض کی مخصوص contraindications چیک کریں۔,Check the complete medication list for clinically relevant interactions.,تمام استعمال ہونے والی medicines کی فہرست سے clinically relevant interactions چیک کریں۔,Use only after an indication-specific professional assessment.,صرف indication-specific professional assessment کے بعد استعمال کریں۔,"Pediatric use depends on age, weight, indication and formulation; do not infer a dose from this app.",بچوں میں استعمال عمر، وزن، indication اور formulation پر منحصر ہے؛ اس ایپ سے dose اخذ نہ کریں۔,,Verify current Pakistan status,Curated reference — pharmacist review required
Fluoxetine,Prozac,Mental Health,ڈپریشن,,,True,Depression and related disorders,ڈپریشن اور متعلقہ disorders,Nausea; insomnia; sexual dysfunction,متلی؛ بے خوابی؛ sexual dysfunction,Prescription medicine; interactions and gradual onset matter.,prescription؛ interactions اور gradual onset اہم۔,Check approved product information and patient-specific contraindications before use.,استعمال سے پہلے approved product information اور مریض کی مخصوص contraindications چیک کریں۔,Check the complete medication list for clinically relevant interactions.,تمام استعمال ہونے والی medicines کی فہرست سے clinically relevant interactions چیک کریں۔,Use only after an indication-specific professional assessment.,صرف indication-specific professional assessment کے بعد استعمال کریں۔,"Pediatric use depends on age, weight, indication and formulation; do not infer a dose from this app.",بچوں میں استعمال عمر، وزن، indication اور formulation پر منحصر ہے؛ اس ایپ سے dose اخذ نہ کریں۔,,Verify current Pakistan status,Curated reference — pharmacist review required
Levothyroxine,Eltroxin,Endocrine,تھائیرائیڈ,,,True,Hypothyroidism,hypothyroidism,"Over-replacement can cause palpitations, tremor, weight loss",زیادہ replacement سے دل تیز، کپکپی، وزن کم,Take consistently; separate from some minerals/antacids; monitor TSH.,باقاعدگی سے لیں؛ کچھ minerals/antacids سے وقفہ؛ TSH مانیٹر۔,Check approved product information and patient-specific contraindications before use.,استعمال سے پہلے approved product information اور مریض کی مخصوص contraindications چیک کریں۔,Check the complete medication list for clinically relevant interactions.,تمام استعمال ہونے والی medicines کی فہرست سے clinically relevant interactions چیک کریں۔,Use only after an indication-specific professional assessment.,صرف indication-specific professional assessment کے بعد استعمال کریں۔,"Pediatric use depends on age, weight, indication and formulation; do not infer a dose from this app.",بچوں میں استعمال عمر، وزن، indication اور formulation پر منحصر ہے؛ اس ایپ سے dose اخذ نہ کریں۔,,Verify current Pakistan status,Curated reference — pharmacist review required
Ferrous Sulfate,Ferrograd,Vitamins & Minerals,آئرن کی کمی,,,False,Iron deficiency anemia,iron deficiency anemia,Constipation; nausea; dark stools,قبض؛ متلی؛ پاخانہ سیاہ,Keep away from children; interactions with some medicines/food.,بچوں سے دور رکھیں؛ بعض ادویات/غذا کے ساتھ interactions۔,Check approved product information and patient-specific contraindications before use.,استعمال سے پہلے approved product information اور مریض کی مخصوص contraindications چیک کریں۔,Check the complete medication list for clinically relevant interactions.,تمام استعمال ہونے والی medicines کی فہرست سے clinically relevant interactions چیک کریں۔,Use only after an indication-specific professional assessment.,صرف indication-specific professional assessment کے بعد استعمال کریں۔,"Pediatric use depends on age, weight, indication and formulation; do not infer a dose from this app.",بچوں میں استعمال عمر، وزن، indication اور formulation پر منحصر ہے؛ اس ایپ سے dose اخذ نہ کریں۔,,Verify current Pakistan status,Curated reference — pharmacist review required
Folic Acid,Folvite,Vitamins & Minerals,فولک ایسڈ,,,False,Folate deficiency; pregnancy supplementation as appropriate,folate deficiency؛ مناسب pregnancy supplementation,Usually well tolerated; rare GI symptoms,عموماً محفوظ؛ نایاب GI علامات,Dose depends on indication; high-dose use should have a clear reason.,خوراک indication پر منحصر؛ high-dose کا واضح مقصد ہونا چاہیے۔,Check approved product information and patient-specific contraindications before use.,استعمال سے پہلے approved product information اور مریض کی مخصوص contraindications چیک کریں۔,Check the complete medication list for clinically relevant interactions.,تمام استعمال ہونے والی medicines کی فہرست سے clinically relevant interactions چیک کریں۔,Use only after an indication-specific professional assessment.,صرف indication-specific professional assessment کے بعد استعمال کریں۔,"Pediatric use depends on age, weight, indication and formulation; do not infer a dose from this app.",بچوں میں استعمال عمر، وزن، indication اور formulation پر منحصر ہے؛ اس ایپ سے dose اخذ نہ کریں۔,,Verify current Pakistan status,Curated reference — pharmacist review required
Cholecalciferol (Vitamin D3),D-Cure,Vitamins & Minerals,وٹامن ڈی,,,False,Vitamin D deficiency,vitamin D deficiency,Excess causes hypercalcemia; GI symptoms,زیادتی سے hypercalcemia؛ معدے کی علامات,Avoid excessive cumulative dosing; check levels when clinically indicated.,زیادہ cumulative dosing سے پرہیز؛ ضرورت پر levels چیک کریں۔,Check approved product information and patient-specific contraindications before use.,استعمال سے پہلے approved product information اور مریض کی مخصوص contraindications چیک کریں۔,Check the complete medication list for clinically relevant interactions.,تمام استعمال ہونے والی medicines کی فہرست سے clinically relevant interactions چیک کریں۔,Use only after an indication-specific professional assessment.,صرف indication-specific professional assessment کے بعد استعمال کریں۔,"Pediatric use depends on age, weight, indication and formulation; do not infer a dose from this app.",بچوں میں استعمال عمر، وزن، indication اور formulation پر منحصر ہے؛ اس ایپ سے dose اخذ نہ کریں۔,,Verify current Pakistan status,Curated reference — pharmacist review required
Calcium Carbonate,Calcium supplements,Vitamins & Minerals,کیلشیم,,,False,Calcium supplementation in selected patients,منتخب مریضوں میں calcium supplementation,Constipation; bloating,قبض؛ پیٹ پھولنا,Separate from levothyroxine and certain antibiotics as appropriate.,levothyroxine اور بعض antibiotics سے مناسب وقفہ۔,Check approved product information and patient-specific contraindications before use.,استعمال سے پہلے approved product information اور مریض کی مخصوص contraindications چیک کریں۔,Check the complete medication list for clinically relevant interactions.,تمام استعمال ہونے والی medicines کی فہرست سے clinically relevant interactions چیک کریں۔,Use only after an indication-specific professional assessment.,صرف indication-specific professional assessment کے بعد استعمال کریں۔,"Pediatric use depends on age, weight, indication and formulation; do not infer a dose from this app.",بچوں میں استعمال عمر، وزن، indication اور formulation پر منحصر ہے؛ اس ایپ سے dose اخذ نہ کریں۔,,Verify current Pakistan status,Curated reference — pharmacist review required
Cyanocobalamin,Vitamin B12 brands,Vitamins & Minerals,وٹامن B12,,,False,Vitamin B12 deficiency,vitamin B12 deficiency,Injection-site reactions; rare allergy,انجیکشن site reaction؛ نایاب allergy,Route and dose depend on cause and severity of deficiency.,route/dose deficiency کی وجہ اور شدت پر منحصر۔,Check approved product information and patient-specific contraindications before use.,استعمال سے پہلے approved product information اور مریض کی مخصوص contraindications چیک کریں۔,Check the complete medication list for clinically relevant interactions.,تمام استعمال ہونے والی medicines کی فہرست سے clinically relevant interactions چیک کریں۔,Use only after an indication-specific professional assessment.,صرف indication-specific professional assessment کے بعد استعمال کریں۔,"Pediatric use depends on age, weight, indication and formulation; do not infer a dose from this app.",بچوں میں استعمال عمر، وزن، indication اور formulation پر منحصر ہے؛ اس ایپ سے dose اخذ نہ کریں۔,,Verify current Pakistan status,Curated reference — pharmacist review required
Methylcobalamin,Methycobal,Vitamins & Minerals,وٹامن B12,,,False,Vitamin B12 deficiency/selected neuropathy uses,B12 deficiency/منتخب neuropathy uses,Generally well tolerated; rash rarely,عموماً برداشت؛ نایاب ریش,Confirm indication; evidence varies by condition.,indication confirm کریں؛ condition کے مطابق evidence مختلف ہے۔,Check approved product information and patient-specific contraindications before use.,استعمال سے پہلے approved product information اور مریض کی مخصوص contraindications چیک کریں۔,Check the complete medication list for clinically relevant interactions.,تمام استعمال ہونے والی medicines کی فہرست سے clinically relevant interactions چیک کریں۔,Use only after an indication-specific professional assessment.,صرف indication-specific professional assessment کے بعد استعمال کریں۔,"Pediatric use depends on age, weight, indication and formulation; do not infer a dose from this app.",بچوں میں استعمال عمر، وزن، indication اور formulation پر منحصر ہے؛ اس ایپ سے dose اخذ نہ کریں۔,,Verify current Pakistan status,Curated reference — pharmacist review required
Hydrocortisone,Cortef,Steroids,سوزش/الرجی,,,True,Corticosteroid replacement and selected inflammatory conditions,corticosteroid replacement اور منتخب inflammatory conditions,Infection risk; glucose/BP changes; adrenal suppression,انفیکشن risk؛ glucose/BP میں تبدیلی؛ adrenal suppression,Do not stop long-term systemic therapy abruptly; specialist guidance may be needed.,طویل systemic therapy اچانک بند نہ کریں؛ specialist guidance ضروری ہو سکتی ہے۔,Check approved product information and patient-specific contraindications before use.,استعمال سے پہلے approved product information اور مریض کی مخصوص contraindications چیک کریں۔,Check the complete medication list for clinically relevant interactions.,تمام استعمال ہونے والی medicines کی فہرست سے clinically relevant interactions چیک کریں۔,Use only after an indication-specific professional assessment.,صرف indication-specific professional assessment کے بعد استعمال کریں۔,"Pediatric use depends on age, weight, indication and formulation; do not infer a dose from this app.",بچوں میں استعمال عمر، وزن، indication اور formulation پر منحصر ہے؛ اس ایپ سے dose اخذ نہ کریں۔,,Verify current Pakistan status,Curated reference — pharmacist review required
Prednisolone,Deltacortril,Steroids,سوزش,,,True,Selected inflammatory/allergic/autoimmune conditions,منتخب inflammatory/allergic/autoimmune conditions,Infection risk; hyperglycemia; mood changes; adrenal suppression,انفیکشن risk؛ شوگر بڑھنا؛ mood changes؛ adrenal suppression,Dose and taper depend on duration/indication; avoid unsupervised prolonged use.,dose/taper duration اور indication پر منحصر؛ طویل خود استعمال سے پرہیز۔,Check approved product information and patient-specific contraindications before use.,استعمال سے پہلے approved product information اور مریض کی مخصوص contraindications چیک کریں۔,Check the complete medication list for clinically relevant interactions.,تمام استعمال ہونے والی medicines کی فہرست سے clinically relevant interactions چیک کریں۔,Use only after an indication-specific professional assessment.,صرف indication-specific professional assessment کے بعد استعمال کریں۔,"Pediatric use depends on age, weight, indication and formulation; do not infer a dose from this app.",بچوں میں استعمال عمر، وزن، indication اور formulation پر منحصر ہے؛ اس ایپ سے dose اخذ نہ کریں۔,,Verify current Pakistan status,Curated reference — pharmacist review required
Mometasone,Elocon,Dermatology,جلد,,,True,Inflammatory dermatoses responsive to topical corticosteroids,منتخب inflammatory skin conditions,Skin thinning; irritation with prolonged use,جلد پتلی ہونا؛ جلن,Use potency and duration appropriate to site; avoid unsupervised long-term use.,site کے مطابق potency/duration؛ طویل خود استعمال سے پرہیز۔,Check approved product information and patient-specific contraindications before use.,استعمال سے پہلے approved product information اور مریض کی مخصوص contraindications چیک کریں۔,Check the complete medication list for clinically relevant interactions.,تمام استعمال ہونے والی medicines کی فہرست سے clinically relevant interactions چیک کریں۔,Use only after an indication-specific professional assessment.,صرف indication-specific professional assessment کے بعد استعمال کریں۔,"Pediatric use depends on age, weight, indication and formulation; do not infer a dose from this app.",بچوں میں استعمال عمر، وزن، indication اور formulation پر منحصر ہے؛ اس ایپ سے dose اخذ نہ کریں۔,,Verify current Pakistan status,Curated reference — pharmacist review required
Betamethasone,Betnovate,Dermatology,جلد,,,True,Inflammatory dermatoses responsive to topical corticosteroids,منتخب inflammatory skin conditions,Skin thinning; steroid-related changes,جلد پتلی؛ steroid-related تبدیلیاں,Potency matters; avoid face/groin/children unless specifically directed.,potency اہم؛ چہرے/groin/بچوں میں صرف ہدایت کے مطابق۔,Check approved product information and patient-specific contraindications before use.,استعمال سے پہلے approved product information اور مریض کی مخصوص contraindications چیک کریں۔,Check the complete medication list for clinically relevant interactions.,تمام استعمال ہونے والی medicines کی فہرست سے clinically relevant interactions چیک کریں۔,Use only after an indication-specific professional assessment.,صرف indication-specific professional assessment کے بعد استعمال کریں۔,"Pediatric use depends on age, weight, indication and formulation; do not infer a dose from this app.",بچوں میں استعمال عمر، وزن، indication اور formulation پر منحصر ہے؛ اس ایپ سے dose اخذ نہ کریں۔,,Verify current Pakistan status,Curated reference — pharmacist review required
Clotrimazole,Canesten,Dermatology,فنگس,,,False,Superficial fungal infections,سطحی fungal infections,Local irritation; burning,مقامی جلن؛ burning,Complete recommended course; diagnosis matters.,مقررہ course مکمل کریں؛ درست diagnosis ضروری۔,Check approved product information and patient-specific contraindications before use.,استعمال سے پہلے approved product information اور مریض کی مخصوص contraindications چیک کریں۔,Check the complete medication list for clinically relevant interactions.,تمام استعمال ہونے والی medicines کی فہرست سے clinically relevant interactions چیک کریں۔,Use only after an indication-specific professional assessment.,صرف indication-specific professional assessment کے بعد استعمال کریں۔,"Pediatric use depends on age, weight, indication and formulation; do not infer a dose from this app.",بچوں میں استعمال عمر، وزن، indication اور formulation پر منحصر ہے؛ اس ایپ سے dose اخذ نہ کریں۔,,Verify current Pakistan status,Curated reference — pharmacist review required
Miconazole,Daktarin,Dermatology,فنگس,,,False,Superficial fungal infections,سطحی fungal infections,Local irritation,مقامی جلن,Check interactions with oral anticoagulants when relevant.,oral anticoagulants کے ساتھ interactions چیک کریں۔,Check approved product information and patient-specific contraindications before use.,استعمال سے پہلے approved product information اور مریض کی مخصوص contraindications چیک کریں۔,Check the complete medication list for clinically relevant interactions.,تمام استعمال ہونے والی medicines کی فہرست سے clinically relevant interactions چیک کریں۔,Use only after an indication-specific professional assessment.,صرف indication-specific professional assessment کے بعد استعمال کریں۔,"Pediatric use depends on age, weight, indication and formulation; do not infer a dose from this app.",بچوں میں استعمال عمر، وزن، indication اور formulation پر منحصر ہے؛ اس ایپ سے dose اخذ نہ کریں۔,,Verify current Pakistan status,Curated reference — pharmacist review required
Terbinafine,Lamisil,Dermatology,فنگس,,,True,Dermatophyte skin infections; oral use for selected nail infections,dermatophyte skin infections؛ منتخب nail infections,GI symptoms; rash; liver injury risk with oral therapy,معدے کی علامات؛ ریش؛ oral therapy میں liver injury risk,Oral therapy needs appropriate diagnosis and liver-risk review.,oral therapy میں درست diagnosis اور liver-risk review ضروری۔,Check approved product information and patient-specific contraindications before use.,استعمال سے پہلے approved product information اور مریض کی مخصوص contraindications چیک کریں۔,Check the complete medication list for clinically relevant interactions.,تمام استعمال ہونے والی medicines کی فہرست سے clinically relevant interactions چیک کریں۔,Use only after an indication-specific professional assessment.,صرف indication-specific professional assessment کے بعد استعمال کریں۔,"Pediatric use depends on age, weight, indication and formulation; do not infer a dose from this app.",بچوں میں استعمال عمر، وزن، indication اور formulation پر منحصر ہے؛ اس ایپ سے dose اخذ نہ کریں۔,,Verify current Pakistan status,Curated reference — pharmacist review required
Mupirocin,Bactroban,Dermatology,جلدی bacterial infection,,,True,Localized bacterial skin infections in selected cases,منتخب localized bacterial skin infections,Local burning/irritation,مقامی جلن,Use only for appropriate bacterial indications; avoid unnecessary topical antibiotic use.,صرف مناسب bacterial indication؛ بلا ضرورت topical antibiotic نہ استعمال کریں۔,Check approved product information and patient-specific contraindications before use.,استعمال سے پہلے approved product information اور مریض کی مخصوص contraindications چیک کریں۔,Check the complete medication list for clinically relevant interactions.,تمام استعمال ہونے والی medicines کی فہرست سے clinically relevant interactions چیک کریں۔,Use only after an indication-specific professional assessment.,صرف indication-specific professional assessment کے بعد استعمال کریں۔,"Pediatric use depends on age, weight, indication and formulation; do not infer a dose from this app.",بچوں میں استعمال عمر، وزن، indication اور formulation پر منحصر ہے؛ اس ایپ سے dose اخذ نہ کریں۔,,Verify current Pakistan status,Curated reference — pharmacist review required
Tamsulosin,Flomax,Urology,پروسٹیٹ/پیشاب,,,True,Lower urinary tract symptoms due to BPH,BPH کی وجہ سے urinary symptoms,Dizziness; orthostatic hypotension; ejaculation changes,چکر؛ کھڑے ہونے پر BP کم؛ ejaculation changes,Caution with antihypertensives/PDE5 inhibitors; inform eye surgeon before cataract surgery.,antihypertensives/PDE5 inhibitors کے ساتھ احتیاط؛ cataract surgery سے پہلے بتائیں۔,Check approved product information and patient-specific contraindications before use.,استعمال سے پہلے approved product information اور مریض کی مخصوص contraindications چیک کریں۔,Check the complete medication list for clinically relevant interactions.,تمام استعمال ہونے والی medicines کی فہرست سے clinically relevant interactions چیک کریں۔,Use only after an indication-specific professional assessment.,صرف indication-specific professional assessment کے بعد استعمال کریں۔,"Pediatric use depends on age, weight, indication and formulation; do not infer a dose from this app.",بچوں میں استعمال عمر، وزن، indication اور formulation پر منحصر ہے؛ اس ایپ سے dose اخذ نہ کریں۔,,Verify current Pakistan status,Curated reference — pharmacist review required
Finasteride,Proscar,Urology,پروسٹیٹ,,,True,BPH; androgenic alopecia at different strengths,BPH؛ مخصوص strength پر androgenic alopecia,Sexual dysfunction; decreased libido,sexual dysfunction؛ libido کم,Pregnant people should not handle crushed tablets; PSA interpretation is affected.,حاملہ افراد crushed tablets نہ سنبھالیں؛ PSA interpretation متاثر ہوتی ہے۔,Check approved product information and patient-specific contraindications before use.,استعمال سے پہلے approved product information اور مریض کی مخصوص contraindications چیک کریں۔,Check the complete medication list for clinically relevant interactions.,تمام استعمال ہونے والی medicines کی فہرست سے clinically relevant interactions چیک کریں۔,Use only after an indication-specific professional assessment.,صرف indication-specific professional assessment کے بعد استعمال کریں۔,"Pediatric use depends on age, weight, indication and formulation; do not infer a dose from this app.",بچوں میں استعمال عمر، وزن، indication اور formulation پر منحصر ہے؛ اس ایپ سے dose اخذ نہ کریں۔,,Verify current Pakistan status,Curated reference — pharmacist review required
Sildenafil,Viagra,Urology,ED,,,True,Erectile dysfunction; selected pulmonary hypertension products,erectile dysfunction؛ منتخب pulmonary hypertension products,Headache; flushing; dyspepsia; visual effects,سر درد؛ چہرہ سرخ؛ بدہضمی؛ نظر میں تبدیلی,Never combine with nitrates; cardiovascular assessment may be needed.,nitrates کے ساتھ ہرگز نہ لیں؛ cardiovascular assessment ضروری ہو سکتی ہے۔,Check approved product information and patient-specific contraindications before use.,استعمال سے پہلے approved product information اور مریض کی مخصوص contraindications چیک کریں۔,Check the complete medication list for clinically relevant interactions.,تمام استعمال ہونے والی medicines کی فہرست سے clinically relevant interactions چیک کریں۔,Use only after an indication-specific professional assessment.,صرف indication-specific professional assessment کے بعد استعمال کریں۔,"Pediatric use depends on age, weight, indication and formulation; do not infer a dose from this app.",بچوں میں استعمال عمر، وزن، indication اور formulation پر منحصر ہے؛ اس ایپ سے dose اخذ نہ کریں۔,,Verify current Pakistan status,Curated reference — pharmacist review required
Tadalafil,Cialis,Urology,ED,,,True,Erectile dysfunction; BPH; selected pulmonary hypertension products,erectile dysfunction؛ BPH؛ منتخب pulmonary hypertension products,Headache; dyspepsia; back pain,سر درد؛ بدہضمی؛ کمر درد,Never combine with nitrates; consider cardiovascular status.,nitrates کے ساتھ ہرگز نہ لیں؛ cardiovascular status دیکھیں۔,Check approved product information and patient-specific contraindications before use.,استعمال سے پہلے approved product information اور مریض کی مخصوص contraindications چیک کریں۔,Check the complete medication list for clinically relevant interactions.,تمام استعمال ہونے والی medicines کی فہرست سے clinically relevant interactions چیک کریں۔,Use only after an indication-specific professional assessment.,صرف indication-specific professional assessment کے بعد استعمال کریں۔,"Pediatric use depends on age, weight, indication and formulation; do not infer a dose from this app.",بچوں میں استعمال عمر، وزن، indication اور formulation پر منحصر ہے؛ اس ایپ سے dose اخذ نہ کریں۔,,Verify current Pakistan status,Curated reference — pharmacist review required
Doxycycline,Vibramycin,Antibiotics,اینٹی بایوٹکس,,,True,Selected bacterial/infectious indications,منتخب bacterial/infectious indications,GI upset; photosensitivity; esophagitis,معدے کی تکلیف؛ دھوپ سے حساسیت؛ esophagitis,Take with water and remain upright; pregnancy/children restrictions apply depending on indication.,پانی کے ساتھ لیں اور سیدھا بیٹھیں/کھڑے رہیں؛ pregnancy/children میں restrictions۔,Check approved product information and patient-specific contraindications before use.,استعمال سے پہلے approved product information اور مریض کی مخصوص contraindications چیک کریں۔,Check the complete medication list for clinically relevant interactions.,تمام استعمال ہونے والی medicines کی فہرست سے clinically relevant interactions چیک کریں۔,Use only after an indication-specific professional assessment.,صرف indication-specific professional assessment کے بعد استعمال کریں۔,"Pediatric use depends on age, weight, indication and formulation; do not infer a dose from this app.",بچوں میں استعمال عمر، وزن، indication اور formulation پر منحصر ہے؛ اس ایپ سے dose اخذ نہ کریں۔,,Verify current Pakistan status,Curated reference — pharmacist review required
Clindamycin,Dalacin,Antibiotics,اینٹی بایوٹکس,,,True,Selected serious bacterial/anaerobic infections,منتخب serious bacterial/anaerobic infections,Diarrhea; C. difficile colitis risk,دست؛ C. difficile colitis کا خطرہ,Stop and seek medical advice for significant/persistent diarrhea.,شدید/مسلسل دست میں دوا اور طبی مشورے کی ضرورت۔,Check approved product information and patient-specific contraindications before use.,استعمال سے پہلے approved product information اور مریض کی مخصوص contraindications چیک کریں۔,Check the complete medication list for clinically relevant interactions.,تمام استعمال ہونے والی medicines کی فہرست سے clinically relevant interactions چیک کریں۔,Use only after an indication-specific professional assessment.,صرف indication-specific professional assessment کے بعد استعمال کریں۔,"Pediatric use depends on age, weight, indication and formulation; do not infer a dose from this app.",بچوں میں استعمال عمر، وزن، indication اور formulation پر منحصر ہے؛ اس ایپ سے dose اخذ نہ کریں۔,,Verify current Pakistan status,Curated reference — pharmacist review required
Nitrofurantoin,Macrobid,Antibiotics,UTI,,,True,Selected uncomplicated lower UTIs,منتخب uncomplicated lower UTI,Nausea; pulmonary/hepatic adverse effects rare,متلی؛ نایاب pulmonary/hepatic adverse effects,Not appropriate for every UTI or pyelonephritis; renal function matters.,ہر UTI یا pyelonephritis کے لیے مناسب نہیں؛ renal function اہم۔,Check approved product information and patient-specific contraindications before use.,استعمال سے پہلے approved product information اور مریض کی مخصوص contraindications چیک کریں۔,Check the complete medication list for clinically relevant interactions.,تمام استعمال ہونے والی medicines کی فہرست سے clinically relevant interactions چیک کریں۔,Use only after an indication-specific professional assessment.,صرف indication-specific professional assessment کے بعد استعمال کریں۔,"Pediatric use depends on age, weight, indication and formulation; do not infer a dose from this app.",بچوں میں استعمال عمر، وزن، indication اور formulation پر منحصر ہے؛ اس ایپ سے dose اخذ نہ کریں۔,,Verify current Pakistan status,Curated reference — pharmacist review required
Fosfomycin,Monurol,Antibiotics,UTI,,,True,Selected uncomplicated lower UTIs,منتخب uncomplicated lower UTI,Diarrhea; nausea; headache,دست؛ متلی؛ سر درد,Use for appropriate indication; susceptibility/local guidance matters.,مناسب indication؛ susceptibility/local guidance اہم۔,Check approved product information and patient-specific contraindications before use.,استعمال سے پہلے approved product information اور مریض کی مخصوص contraindications چیک کریں۔,Check the complete medication list for clinically relevant interactions.,تمام استعمال ہونے والی medicines کی فہرست سے clinically relevant interactions چیک کریں۔,Use only after an indication-specific professional assessment.,صرف indication-specific professional assessment کے بعد استعمال کریں۔,"Pediatric use depends on age, weight, indication and formulation; do not infer a dose from this app.",بچوں میں استعمال عمر، وزن، indication اور formulation پر منحصر ہے؛ اس ایپ سے dose اخذ نہ کریں۔,,Verify current Pakistan status,Curated reference — pharmacist review required
Albendazole,Zentel,Antiparasitic,کیڑے,,,False,Treatment of selected intestinal helminth infections,منتخب intestinal helminth infections,Abdominal pain; nausea; headache,پیٹ درد؛ متلی؛ سر درد,Regimen depends on parasite and patient; pregnancy considerations apply.,regimen parasite/patient پر منحصر؛ pregnancy میں احتیاط۔,Check approved product information and patient-specific contraindications before use.,استعمال سے پہلے approved product information اور مریض کی مخصوص contraindications چیک کریں۔,Check the complete medication list for clinically relevant interactions.,تمام استعمال ہونے والی medicines کی فہرست سے clinically relevant interactions چیک کریں۔,Use only after an indication-specific professional assessment.,صرف indication-specific professional assessment کے بعد استعمال کریں۔,"Pediatric use depends on age, weight, indication and formulation; do not infer a dose from this app.",بچوں میں استعمال عمر، وزن، indication اور formulation پر منحصر ہے؛ اس ایپ سے dose اخذ نہ کریں۔,,Verify current Pakistan status,Curated reference — pharmacist review required
Ivermectin,Stromectol,Antiparasitic,پیراسائٹ,,,True,Selected parasitic infections,منتخب parasitic infections,Dizziness; nausea; rash,چکر؛ متلی؛ ریش,Use only for an appropriate diagnosis and weight/age-based regimen.,درست diagnosis اور weight/age-based regimen ضروری۔,Check approved product information and patient-specific contraindications before use.,استعمال سے پہلے approved product information اور مریض کی مخصوص contraindications چیک کریں۔,Check the complete medication list for clinically relevant interactions.,تمام استعمال ہونے والی medicines کی فہرست سے clinically relevant interactions چیک کریں۔,Use only after an indication-specific professional assessment.,صرف indication-specific professional assessment کے بعد استعمال کریں۔,"Pediatric use depends on age, weight, indication and formulation; do not infer a dose from this app.",بچوں میں استعمال عمر، وزن، indication اور formulation پر منحصر ہے؛ اس ایپ سے dose اخذ نہ کریں۔,,Verify current Pakistan status,Curated reference — pharmacist review required
Acyclovir,Zovirax,Antiviral,وائرل انفیکشن,,,True,Selected herpesvirus infections,منتخب herpesvirus infections,Nausea; headache; renal toxicity risk with systemic use,متلی؛ سر درد؛ systemic use میں renal toxicity risk,Hydration and renal dosing matter; start early when indicated.,hydration اور renal dosing اہم؛ indication پر جلد شروع کرنا مفید۔,Check approved product information and patient-specific contraindications before use.,استعمال سے پہلے approved product information اور مریض کی مخصوص contraindications چیک کریں۔,Check the complete medication list for clinically relevant interactions.,تمام استعمال ہونے والی medicines کی فہرست سے clinically relevant interactions چیک کریں۔,Use only after an indication-specific professional assessment.,صرف indication-specific professional assessment کے بعد استعمال کریں۔,"Pediatric use depends on age, weight, indication and formulation; do not infer a dose from this app.",بچوں میں استعمال عمر، وزن، indication اور formulation پر منحصر ہے؛ اس ایپ سے dose اخذ نہ کریں۔,,Verify current Pakistan status,Curated reference — pharmacist review required
Oseltamivir,Tamiflu,Antiviral,فلو,,,True,Treatment/prevention of influenza in selected patients,منتخب مریضوں میں influenza کا علاج/بچاؤ,Nausea; vomiting; headache,متلی؛ الٹی؛ سر درد,Best benefit when started early; indication and local guidance matter.,جلد شروع کرنے پر فائدہ زیادہ؛ indication/local guidance اہم۔,Check approved product information and patient-specific contraindications before use.,استعمال سے پہلے approved product information اور مریض کی مخصوص contraindications چیک کریں۔,Check the complete medication list for clinically relevant interactions.,تمام استعمال ہونے والی medicines کی فہرست سے clinically relevant interactions چیک کریں۔,Use only after an indication-specific professional assessment.,صرف indication-specific professional assessment کے بعد استعمال کریں۔,"Pediatric use depends on age, weight, indication and formulation; do not infer a dose from this app.",بچوں میں استعمال عمر، وزن، indication اور formulation پر منحصر ہے؛ اس ایپ سے dose اخذ نہ کریں۔,,Verify current Pakistan status,Curated reference — pharmacist review required
Allopurinol,Zyloric,Gout,گاؤٹ,,,True,Urate-lowering therapy for gout/hyperuricemia,gout/hyperuricemia میں urate lowering,Rash; GI upset; rare severe hypersensitivity,ریش؛ معدے کی تکلیف؛ نایاب شدید hypersensitivity,Not for immediate pain relief of an acute attack; start/titrate per guideline.,acute attack کے فوری درد کے لیے نہیں؛ guideline کے مطابق start/titrate۔,Check approved product information and patient-specific contraindications before use.,استعمال سے پہلے approved product information اور مریض کی مخصوص contraindications چیک کریں۔,Check the complete medication list for clinically relevant interactions.,تمام استعمال ہونے والی medicines کی فہرست سے clinically relevant interactions چیک کریں۔,Use only after an indication-specific professional assessment.,صرف indication-specific professional assessment کے بعد استعمال کریں۔,"Pediatric use depends on age, weight, indication and formulation; do not infer a dose from this app.",بچوں میں استعمال عمر، وزن، indication اور formulation پر منحصر ہے؛ اس ایپ سے dose اخذ نہ کریں۔,,Verify current Pakistan status,Curated reference — pharmacist review required
Febuxostat,Uloric,Gout,گاؤٹ,,,True,Urate-lowering therapy in selected patients,منتخب مریضوں میں urate lowering,Liver enzyme elevation; nausea; rash,liver enzymes بڑھنا؛ متلی؛ ریش,Cardiovascular history and indication should be reviewed.,cardiovascular history اور indication review کریں۔,Check approved product information and patient-specific contraindications before use.,استعمال سے پہلے approved product information اور مریض کی مخصوص contraindications چیک کریں۔,Check the complete medication list for clinically relevant interactions.,تمام استعمال ہونے والی medicines کی فہرست سے clinically relevant interactions چیک کریں۔,Use only after an indication-specific professional assessment.,صرف indication-specific professional assessment کے بعد استعمال کریں۔,"Pediatric use depends on age, weight, indication and formulation; do not infer a dose from this app.",بچوں میں استعمال عمر، وزن، indication اور formulation پر منحصر ہے؛ اس ایپ سے dose اخذ نہ کریں۔,,Verify current Pakistan status,Curated reference — pharmacist review required
Colchicine,Colcrys,Gout,گاؤٹ,,,True,Acute gout treatment/prophylaxis in selected patients,منتخب مریضوں میں acute gout/prophylaxis,Diarrhea; nausea; toxicity in overdose,دست؛ متلی؛ overdose میں toxicity,Narrow therapeutic index; renal/hepatic impairment and interactions are critical.,narrow therapeutic index؛ renal/hepatic impairment اور interactions بہت اہم۔,Check approved product information and patient-specific contraindications before use.,استعمال سے پہلے approved product information اور مریض کی مخصوص contraindications چیک کریں۔,Check the complete medication list for clinically relevant interactions.,تمام استعمال ہونے والی medicines کی فہرست سے clinically relevant interactions چیک کریں۔,Use only after an indication-specific professional assessment.,صرف indication-specific professional assessment کے بعد استعمال کریں۔,"Pediatric use depends on age, weight, indication and formulation; do not infer a dose from this app.",بچوں میں استعمال عمر، وزن، indication اور formulation پر منحصر ہے؛ اس ایپ سے dose اخذ نہ کریں۔,,Verify current Pakistan status,Curated reference — pharmacist review required
Mesalamine,Pentasa,Gastrointestinal,آنتوں کی سوزش,,,True,Ulcerative colitis in selected patients,منتخب ulcerative colitis patients,Headache; abdominal pain; renal effects rare,سر درد؛ پیٹ درد؛ نایاب renal effects,Monitoring depends on product and duration; diagnosis should be established.,product/duration کے مطابق monitoring؛ diagnosis ضروری۔,Check approved product information and patient-specific contraindications before use.,استعمال سے پہلے approved product information اور مریض کی مخصوص contraindications چیک کریں۔,Check the complete medication list for clinically relevant interactions.,تمام استعمال ہونے والی medicines کی فہرست سے clinically relevant interactions چیک کریں۔,Use only after an indication-specific professional assessment.,صرف indication-specific professional assessment کے بعد استعمال کریں۔,"Pediatric use depends on age, weight, indication and formulation; do not infer a dose from this app.",بچوں میں استعمال عمر، وزن، indication اور formulation پر منحصر ہے؛ اس ایپ سے dose اخذ نہ کریں۔,,Verify current Pakistan status,Curated reference — pharmacist review required
ORS,Oral Rehydration Salts,Gastrointestinal,پانی کی کمی,,,False,Rehydration in diarrhea,دست میں rehydration,Minimal when correctly prepared,صحیح preparation پر عموماً کم,Use the exact water volume stated on the sachet.,sachet پر درج پانی کی مقدار ہی استعمال کریں۔,Check approved product information and patient-specific contraindications before use.,استعمال سے پہلے approved product information اور مریض کی مخصوص contraindications چیک کریں۔,Check the complete medication list for clinically relevant interactions.,تمام استعمال ہونے والی medicines کی فہرست سے clinically relevant interactions چیک کریں۔,Use only after an indication-specific professional assessment.,صرف indication-specific professional assessment کے بعد استعمال کریں۔,"Pediatric use depends on age, weight, indication and formulation; do not infer a dose from this app.",بچوں میں استعمال عمر، وزن، indication اور formulation پر منحصر ہے؛ اس ایپ سے dose اخذ نہ کریں۔,,Verify current Pakistan status,Curated reference — pharmacist review required
Chlorpheniramine,Piriton,Allergy,الرجی,,,False,Allergic symptoms,الرجی کی علامات,Drowsiness; dry mouth; blurred vision,غنودگی؛ منہ خشک؛ دھندلا نظر,Sedating antihistamine; caution with driving/alcohol.,غنودگی والی antihistamine؛ driving/alcohol میں احتیاط۔,Check approved product information and patient-specific contraindications before use.,استعمال سے پہلے approved product information اور مریض کی مخصوص contraindications چیک کریں۔,Check the complete medication list for clinically relevant interactions.,تمام استعمال ہونے والی medicines کی فہرست سے clinically relevant interactions چیک کریں۔,Use only after an indication-specific professional assessment.,صرف indication-specific professional assessment کے بعد استعمال کریں۔,"Pediatric use depends on age, weight, indication and formulation; do not infer a dose from this app.",بچوں میں استعمال عمر، وزن، indication اور formulation پر منحصر ہے؛ اس ایپ سے dose اخذ نہ کریں۔,,Verify current Pakistan status,Curated reference — pharmacist review required
Fexofenadine + Montelukast,Fexet-M,Allergy,الرجی,,,True,Selected allergic rhinitis regimens,منتخب allergic rhinitis regimens,Headache; drowsiness; GI symptoms,سر درد؛ غنودگی؛ معدے کی علامات,Review need for combination therapy and montelukast neuropsychiatric warnings.,combination کی ضرورت اور montelukast neuropsychiatric warnings review کریں۔,Check approved product information and patient-specific contraindications before use.,استعمال سے پہلے approved product information اور مریض کی مخصوص contraindications چیک کریں۔,Check the complete medication list for clinically relevant interactions.,تمام استعمال ہونے والی medicines کی فہرست سے clinically relevant interactions چیک کریں۔,Use only after an indication-specific professional assessment.,صرف indication-specific professional assessment کے بعد استعمال کریں۔,"Pediatric use depends on age, weight, indication and formulation; do not infer a dose from this app.",بچوں میں استعمال عمر، وزن، indication اور formulation پر منحصر ہے؛ اس ایپ سے dose اخذ نہ کریں۔,,Verify current Pakistan status,Curated reference — pharmacist review required
Calamine,Calamine lotion,Dermatology,جلد کی خارش,,,False,Symptomatic relief of itching/irritation,جلد کی خارش/جلن میں symptomatic relief,Dryness; local irritation,خشکی؛ مقامی جلن,For external use; avoid eyes and broken skin.,صرف بیرونی استعمال؛ آنکھوں اور زخمی جلد سے بچائیں۔,Check approved product information and patient-specific contraindications before use.,استعمال سے پہلے approved product information اور مریض کی مخصوص contraindications چیک کریں۔,Check the complete medication list for clinically relevant interactions.,تمام استعمال ہونے والی medicines کی فہرست سے clinically relevant interactions چیک کریں۔,Use only after an indication-specific professional assessment.,صرف indication-specific professional assessment کے بعد استعمال کریں۔,"Pediatric use depends on age, weight, indication and formulation; do not infer a dose from this app.",بچوں میں استعمال عمر، وزن، indication اور formulation پر منحصر ہے؛ اس ایپ سے dose اخذ نہ کریں۔,,Verify current Pakistan status,Curated reference — pharmacist review required
Povidone-Iodine,Betadine,Antiseptic,جراثیم کش,,,False,Topical antisepsis for selected minor wounds/skin preparation,منتخب minor wounds/skin preparation میں topical antisepsis,Irritation; allergy; thyroid effects with extensive use,جلن؛ allergy؛ وسیع استعمال میں thyroid effects,Not a substitute for proper wound care; avoid prolonged extensive use without advice.,زخم کی مناسب care کا متبادل نہیں؛ وسیع/طویل استعمال میں مشورہ۔,Check approved product information and patient-specific contraindications before use.,استعمال سے پہلے approved product information اور مریض کی مخصوص contraindications چیک کریں۔,Check the complete medication list for clinically relevant interactions.,تمام استعمال ہونے والی medicines کی فہرست سے clinically relevant interactions چیک کریں۔,Use only after an indication-specific professional assessment.,صرف indication-specific professional assessment کے بعد استعمال کریں۔,"Pediatric use depends on age, weight, indication and formulation; do not infer a dose from this app.",بچوں میں استعمال عمر، وزن، indication اور formulation پر منحصر ہے؛ اس ایپ سے dose اخذ نہ کریں۔,,Verify current Pakistan status,Curated reference — pharmacist review required
Amlodipine,,Cardiovascular,بلڈ پریشر اور دل,Tablet,,True,Hypertension; selected angina,بلڈ پریشر؛ بعض مریضوں میں انجائنا,Ankle swelling; flushing; headache; dizziness,ٹخنوں کی سوجن؛ گرمی/سرخی؛ سر درد؛ چکر,Use according to the prescribed indication; monitor blood pressure.,مقررہ indication کے مطابق استعمال؛ بلڈ پریشر مانیٹر کریں۔,Check approved product information and patient-specific contraindications before use.,استعمال سے پہلے approved product information اور مریض کی مخصوص contraindications چیک کریں۔,Check the complete medication list for clinically relevant interactions.,تمام استعمال ہونے والی medicines کی فہرست سے clinically relevant interactions چیک کریں۔,Use only after an indication-specific professional assessment.,صرف indication-specific professional assessment کے بعد استعمال کریں۔,"Pediatric use depends on age, weight, indication and formulation; do not infer a dose from this app.",بچوں میں استعمال عمر، وزن، indication اور formulation پر منحصر ہے؛ اس ایپ سے dose اخذ نہ کریں۔,,Verify current Pakistan status,Generic reference — pharmacist/clinical review required
Losartan,,Cardiovascular,بلڈ پریشر اور دل,Tablet,,True,Hypertension; selected cardiovascular indications,بلڈ پریشر؛ بعض cardiovascular indications,Dizziness; increased potassium; kidney function changes,چکر؛ potassium میں اضافہ؛ kidney function میں تبدیلی,Avoid in pregnancy; monitor potassium and renal function when appropriate.,حمل میں استعمال نہ کریں؛ مناسب صورت میں potassium اور renal function مانیٹر کریں۔,Check approved product information and patient-specific contraindications before use.,استعمال سے پہلے approved product information اور مریض کی مخصوص contraindications چیک کریں۔,Check the complete medication list for clinically relevant interactions.,تمام استعمال ہونے والی medicines کی فہرست سے clinically relevant interactions چیک کریں۔,Use only after an indication-specific professional assessment.,صرف indication-specific professional assessment کے بعد استعمال کریں۔,"Pediatric use depends on age, weight, indication and formulation; do not infer a dose from this app.",بچوں میں استعمال عمر، وزن، indication اور formulation پر منحصر ہے؛ اس ایپ سے dose اخذ نہ کریں۔,,Verify current Pakistan status,Generic reference — pharmacist/clinical review required
Valsartan,,Cardiovascular,بلڈ پریشر اور دل,Tablet,,True,Hypertension; selected heart failure indications,بلڈ پریشر؛ بعض heart-failure indications,Dizziness; increased potassium; kidney function changes,چکر؛ potassium میں اضافہ؛ kidney function میں تبدیلی,Avoid in pregnancy; monitoring may be required.,حمل میں استعمال نہ کریں؛ monitoring کی ضرورت ہو سکتی ہے۔,Check approved product information and patient-specific contraindications before use.,استعمال سے پہلے approved product information اور مریض کی مخصوص contraindications چیک کریں۔,Check the complete medication list for clinically relevant interactions.,تمام استعمال ہونے والی medicines کی فہرست سے clinically relevant interactions چیک کریں۔,Use only after an indication-specific professional assessment.,صرف indication-specific professional assessment کے بعد استعمال کریں۔,"Pediatric use depends on age, weight, indication and formulation; do not infer a dose from this app.",بچوں میں استعمال عمر، وزن، indication اور formulation پر منحصر ہے؛ اس ایپ سے dose اخذ نہ کریں۔,,Verify current Pakistan status,Generic reference — pharmacist/clinical review required
Enalapril,,Cardiovascular,بلڈ پریشر اور دل,Tablet,,True,Hypertension; heart failure,بلڈ پریشر؛ heart failure,Cough; dizziness; increased potassium; angioedema,کھانسی؛ چکر؛ potassium میں اضافہ؛ angioedema,Avoid in pregnancy; seek urgent care for facial/tongue swelling.,حمل میں استعمال نہ کریں؛ چہرے/زبان کی سوجن میں فوری طبی مدد لیں۔,Check approved product information and patient-specific contraindications before use.,استعمال سے پہلے approved product information اور مریض کی مخصوص contraindications چیک کریں۔,Check the complete medication list for clinically relevant interactions.,تمام استعمال ہونے والی medicines کی فہرست سے clinically relevant interactions چیک کریں۔,Use only after an indication-specific professional assessment.,صرف indication-specific professional assessment کے بعد استعمال کریں۔,"Pediatric use depends on age, weight, indication and formulation; do not infer a dose from this app.",بچوں میں استعمال عمر، وزن، indication اور formulation پر منحصر ہے؛ اس ایپ سے dose اخذ نہ کریں۔,,Verify current Pakistan status,Generic reference — pharmacist/clinical review required
Furosemide,,Cardiovascular,بلڈ پریشر اور دل,Tablet/Injection,,True,Edema; selected heart failure/hypertension indications,سوجن؛ بعض heart failure/بلڈ پریشر indications,Dehydration; low electrolytes; dizziness,پانی کی کمی؛ electrolytes کم ہونا؛ چکر,Monitor fluid status and electrolytes when prescribed long term.,طویل استعمال میں fluid status اور electrolytes مانیٹر کریں۔,Check approved product information and patient-specific contraindications before use.,استعمال سے پہلے approved product information اور مریض کی مخصوص contraindications چیک کریں۔,Check the complete medication list for clinically relevant interactions.,تمام استعمال ہونے والی medicines کی فہرست سے clinically relevant interactions چیک کریں۔,Use only after an indication-specific professional assessment.,صرف indication-specific professional assessment کے بعد استعمال کریں۔,"Pediatric use depends on age, weight, indication and formulation; do not infer a dose from this app.",بچوں میں استعمال عمر، وزن، indication اور formulation پر منحصر ہے؛ اس ایپ سے dose اخذ نہ کریں۔,,Verify current Pakistan status,Generic reference — pharmacist/clinical review required
Atorvastatin,,Cardiovascular,بلڈ پریشر اور دل,Tablet,,True,Hyperlipidemia; cardiovascular risk reduction,کولیسٹرول؛ cardiovascular risk کم کرنا,Muscle pain; liver enzyme elevation; rare severe muscle injury,پٹھوں میں درد؛ liver enzymes میں اضافہ؛ نایاب شدید muscle injury,Report unexplained severe muscle pain; avoid in pregnancy.,غیر معمولی شدید muscle pain کی اطلاع دیں؛ حمل میں استعمال نہ کریں۔,Check approved product information and patient-specific contraindications before use.,استعمال سے پہلے approved product information اور مریض کی مخصوص contraindications چیک کریں۔,Check the complete medication list for clinically relevant interactions.,تمام استعمال ہونے والی medicines کی فہرست سے clinically relevant interactions چیک کریں۔,Use only after an indication-specific professional assessment.,صرف indication-specific professional assessment کے بعد استعمال کریں۔,"Pediatric use depends on age, weight, indication and formulation; do not infer a dose from this app.",بچوں میں استعمال عمر، وزن، indication اور formulation پر منحصر ہے؛ اس ایپ سے dose اخذ نہ کریں۔,,Verify current Pakistan status,Generic reference — pharmacist/clinical review required
Rosuvastatin,,Cardiovascular,بلڈ پریشر اور دل,Tablet,,True,Hyperlipidemia; cardiovascular risk reduction,کولیسٹرول؛ cardiovascular risk کم کرنا,Muscle pain; liver enzyme elevation; rare severe muscle injury,پٹھوں میں درد؛ liver enzymes میں اضافہ؛ نایاب شدید muscle injury,Report severe muscle symptoms; avoid in pregnancy.,شدید muscle symptoms کی اطلاع دیں؛ حمل میں استعمال نہ کریں۔,Check approved product information and patient-specific contraindications before use.,استعمال سے پہلے approved product information اور مریض کی مخصوص contraindications چیک کریں۔,Check the complete medication list for clinically relevant interactions.,تمام استعمال ہونے والی medicines کی فہرست سے clinically relevant interactions چیک کریں۔,Use only after an indication-specific professional assessment.,صرف indication-specific professional assessment کے بعد استعمال کریں۔,"Pediatric use depends on age, weight, indication and formulation; do not infer a dose from this app.",بچوں میں استعمال عمر، وزن، indication اور formulation پر منحصر ہے؛ اس ایپ سے dose اخذ نہ کریں۔,,Verify current Pakistan status,Generic reference — pharmacist/clinical review required
Metoprolol,,Cardiovascular,بلڈ پریشر اور دل,Tablet,,True,Hypertension; angina; selected arrhythmias and heart failure,بلڈ پریشر؛ انجائنا؛ بعض arrhythmias اور heart failure,Slow heart rate; fatigue; dizziness,دل کی دھڑکن سست؛ تھکن؛ چکر,Do not stop suddenly without medical advice.,طبی مشورے کے بغیر اچانک بند نہ کریں۔,Check approved product information and patient-specific contraindications before use.,استعمال سے پہلے approved product information اور مریض کی مخصوص contraindications چیک کریں۔,Check the complete medication list for clinically relevant interactions.,تمام استعمال ہونے والی medicines کی فہرست سے clinically relevant interactions چیک کریں۔,Use only after an indication-specific professional assessment.,صرف indication-specific professional assessment کے بعد استعمال کریں۔,"Pediatric use depends on age, weight, indication and formulation; do not infer a dose from this app.",بچوں میں استعمال عمر، وزن، indication اور formulation پر منحصر ہے؛ اس ایپ سے dose اخذ نہ کریں۔,,Verify current Pakistan status,Generic reference — pharmacist/clinical review required
Bisoprolol,,Cardiovascular,بلڈ پریشر اور دل,Tablet,,True,Hypertension; angina; selected heart failure,بلڈ پریشر؛ انجائنا؛ بعض heart failure cases,Slow heart rate; fatigue; dizziness,دل کی دھڑکن سست؛ تھکن؛ چکر,Do not stop suddenly without medical advice.,طبی مشورے کے بغیر اچانک بند نہ کریں۔,Check approved product information and patient-specific contraindications before use.,استعمال سے پہلے approved product information اور مریض کی مخصوص contraindications چیک کریں۔,Check the complete medication list for clinically relevant interactions.,تمام استعمال ہونے والی medicines کی فہرست سے clinically relevant interactions چیک کریں۔,Use only after an indication-specific professional assessment.,صرف indication-specific professional assessment کے بعد استعمال کریں۔,"Pediatric use depends on age, weight, indication and formulation; do not infer a dose from this app.",بچوں میں استعمال عمر، وزن، indication اور formulation پر منحصر ہے؛ اس ایپ سے dose اخذ نہ کریں۔,,Verify current Pakistan status,Generic reference — pharmacist/clinical review required
Clopidogrel,,Cardiovascular,بلڈ پریشر اور دل,Tablet,,True,Prevention of thrombotic cardiovascular events in selected patients,منتخب مریضوں میں blood clots سے متعلق cardiovascular events کی روک تھام,Bleeding; bruising; dyspepsia,خون بہنا؛ نیل پڑنا؛ بدہضمی,Tell clinicians before procedures; do not stop without prescriber advice.,procedure سے پہلے clinician کو بتائیں؛ prescriber کے مشورے کے بغیر بند نہ کریں۔,Check approved product information and patient-specific contraindications before use.,استعمال سے پہلے approved product information اور مریض کی مخصوص contraindications چیک کریں۔,Check the complete medication list for clinically relevant interactions.,تمام استعمال ہونے والی medicines کی فہرست سے clinically relevant interactions چیک کریں۔,Use only after an indication-specific professional assessment.,صرف indication-specific professional assessment کے بعد استعمال کریں۔,"Pediatric use depends on age, weight, indication and formulation; do not infer a dose from this app.",بچوں میں استعمال عمر، وزن، indication اور formulation پر منحصر ہے؛ اس ایپ سے dose اخذ نہ کریں۔,,Verify current Pakistan status,Generic reference — pharmacist/clinical review required
Warfarin,,Cardiovascular,بلڈ پریشر اور دل,Tablet,,True,Anticoagulation for selected indications,منتخب حالات میں خون پتلا رکھنے کے لیے,Bleeding; drug/food interactions,خون بہنا؛ drug/food interactions,Requires individualized INR monitoring and interaction review.,INR monitoring اور interactions کا باقاعدہ جائزہ ضروری ہے۔,Check approved product information and patient-specific contraindications before use.,استعمال سے پہلے approved product information اور مریض کی مخصوص contraindications چیک کریں۔,Check the complete medication list for clinically relevant interactions.,تمام استعمال ہونے والی medicines کی فہرست سے clinically relevant interactions چیک کریں۔,Use only after an indication-specific professional assessment.,صرف indication-specific professional assessment کے بعد استعمال کریں۔,"Pediatric use depends on age, weight, indication and formulation; do not infer a dose from this app.",بچوں میں استعمال عمر، وزن، indication اور formulation پر منحصر ہے؛ اس ایپ سے dose اخذ نہ کریں۔,,Verify current Pakistan status,Generic reference — pharmacist/clinical review required
Salbutamol,,Respiratory,سانس,Inhaler/Nebulizer,,False,Relief of bronchospasm in asthma/COPD,دمہ/COPD میں bronchospasm سے وقتی آرام,Tremor; fast heartbeat; headache,کپکپی؛ دل کی دھڑکن تیز؛ سر درد,Frequent need for rescue inhaler warrants clinical review.,بار بار rescue inhaler کی ضرورت ہو تو clinical review ضروری ہے۔,Check approved product information and patient-specific contraindications before use.,استعمال سے پہلے approved product information اور مریض کی مخصوص contraindications چیک کریں۔,Check the complete medication list for clinically relevant interactions.,تمام استعمال ہونے والی medicines کی فہرست سے clinically relevant interactions چیک کریں۔,Use only after an indication-specific professional assessment.,صرف indication-specific professional assessment کے بعد استعمال کریں۔,"Pediatric use depends on age, weight, indication and formulation; do not infer a dose from this app.",بچوں میں استعمال عمر، وزن، indication اور formulation پر منحصر ہے؛ اس ایپ سے dose اخذ نہ کریں۔,,Verify current Pakistan status,Generic reference — pharmacist/clinical review required
Budesonide,,Respiratory,سانس,Inhaler/Nebulizer,,True,Controller therapy for asthma; selected airway diseases,دمہ میں controller therapy؛ بعض airway diseases,Oral thrush; hoarseness; cough,منہ میں fungal infection؛ آواز بیٹھنا؛ کھانسی,Rinse mouth after inhaled use.,inhaler کے بعد منہ پانی سے صاف کریں۔,Check approved product information and patient-specific contraindications before use.,استعمال سے پہلے approved product information اور مریض کی مخصوص contraindications چیک کریں۔,Check the complete medication list for clinically relevant interactions.,تمام استعمال ہونے والی medicines کی فہرست سے clinically relevant interactions چیک کریں۔,Use only after an indication-specific professional assessment.,صرف indication-specific professional assessment کے بعد استعمال کریں۔,"Pediatric use depends on age, weight, indication and formulation; do not infer a dose from this app.",بچوں میں استعمال عمر، وزن، indication اور formulation پر منحصر ہے؛ اس ایپ سے dose اخذ نہ کریں۔,,Verify current Pakistan status,Generic reference — pharmacist/clinical review required
Montelukast,,Respiratory,سانس,Tablet,,True,Asthma maintenance; allergic rhinitis in selected patients,دمہ کی maintenance؛ بعض مریضوں میں allergic rhinitis,Headache; abdominal pain; neuropsychiatric effects,سر درد؛ پیٹ درد؛ neuropsychiatric effects,Seek medical advice for new mood or behavior changes.,مزاج یا رویے میں نئی تبدیلی پر طبی مشورہ لیں۔,Check approved product information and patient-specific contraindications before use.,استعمال سے پہلے approved product information اور مریض کی مخصوص contraindications چیک کریں۔,Check the complete medication list for clinically relevant interactions.,تمام استعمال ہونے والی medicines کی فہرست سے clinically relevant interactions چیک کریں۔,Use only after an indication-specific professional assessment.,صرف indication-specific professional assessment کے بعد استعمال کریں۔,"Pediatric use depends on age, weight, indication and formulation; do not infer a dose from this app.",بچوں میں استعمال عمر، وزن، indication اور formulation پر منحصر ہے؛ اس ایپ سے dose اخذ نہ کریں۔,,Verify current Pakistan status,Generic reference — pharmacist/clinical review required
Levocetirizine,,Allergy,الرجی,Tablet/Syrup,,False,Allergic rhinitis; urticaria,الرجک نزلہ؛ چھپاکی,Drowsiness; dry mouth; fatigue,غنودگی؛ منہ کی خشکی؛ تھکن,May cause drowsiness in some people.,کچھ افراد میں غنودگی ہو سکتی ہے۔,Check approved product information and patient-specific contraindications before use.,استعمال سے پہلے approved product information اور مریض کی مخصوص contraindications چیک کریں۔,Check the complete medication list for clinically relevant interactions.,تمام استعمال ہونے والی medicines کی فہرست سے clinically relevant interactions چیک کریں۔,Use only after an indication-specific professional assessment.,صرف indication-specific professional assessment کے بعد استعمال کریں۔,"Pediatric use depends on age, weight, indication and formulation; do not infer a dose from this app.",بچوں میں استعمال عمر، وزن، indication اور formulation پر منحصر ہے؛ اس ایپ سے dose اخذ نہ کریں۔,,Verify current Pakistan status,Generic reference — pharmacist/clinical review required
Loratadine,,Allergy,الرجی,Tablet/Syrup,,False,Allergic rhinitis; urticaria,الرجک نزلہ؛ چھپاکی,Headache; mild drowsiness; dry mouth,سر درد؛ ہلکی غنودگی؛ منہ کی خشکی,Follow product directions and review persistent symptoms.,product directions پر عمل کریں؛ مسلسل symptoms میں review کروائیں۔,Check approved product information and patient-specific contraindications before use.,استعمال سے پہلے approved product information اور مریض کی مخصوص contraindications چیک کریں۔,Check the complete medication list for clinically relevant interactions.,تمام استعمال ہونے والی medicines کی فہرست سے clinically relevant interactions چیک کریں۔,Use only after an indication-specific professional assessment.,صرف indication-specific professional assessment کے بعد استعمال کریں۔,"Pediatric use depends on age, weight, indication and formulation; do not infer a dose from this app.",بچوں میں استعمال عمر، وزن، indication اور formulation پر منحصر ہے؛ اس ایپ سے dose اخذ نہ کریں۔,,Verify current Pakistan status,Generic reference — pharmacist/clinical review required
Fexofenadine,,Allergy,الرجی,Tablet/Suspension,,False,Allergic rhinitis; urticaria,الرجک نزلہ؛ چھپاکی,Headache; nausea; mild dizziness,سر درد؛ متلی؛ ہلکا چکر,Use according to product instructions; check interacting medicines.,product instructions کے مطابق استعمال؛ interacting medicines چیک کریں۔,Check approved product information and patient-specific contraindications before use.,استعمال سے پہلے approved product information اور مریض کی مخصوص contraindications چیک کریں۔,Check the complete medication list for clinically relevant interactions.,تمام استعمال ہونے والی medicines کی فہرست سے clinically relevant interactions چیک کریں۔,Use only after an indication-specific professional assessment.,صرف indication-specific professional assessment کے بعد استعمال کریں۔,"Pediatric use depends on age, weight, indication and formulation; do not infer a dose from this app.",بچوں میں استعمال عمر، وزن، indication اور formulation پر منحصر ہے؛ اس ایپ سے dose اخذ نہ کریں۔,,Verify current Pakistan status,Generic reference — pharmacist/clinical review required
Fluconazole,,Antifungal,فنگل انفیکشن,Capsule/Tablet/Injection,,True,Selected fungal infections,منتخب fungal infections,Nausea; headache; liver enzyme elevation; drug interactions,متلی؛ سر درد؛ liver enzymes میں اضافہ؛ drug interactions,Review interactions and liver risk in prolonged/systemic therapy.,طویل/systemic therapy میں interactions اور liver risk کا جائزہ لیں۔,Check approved product information and patient-specific contraindications before use.,استعمال سے پہلے approved product information اور مریض کی مخصوص contraindications چیک کریں۔,Check the complete medication list for clinically relevant interactions.,تمام استعمال ہونے والی medicines کی فہرست سے clinically relevant interactions چیک کریں۔,Use only after an indication-specific professional assessment.,صرف indication-specific professional assessment کے بعد استعمال کریں۔,"Pediatric use depends on age, weight, indication and formulation; do not infer a dose from this app.",بچوں میں استعمال عمر، وزن، indication اور formulation پر منحصر ہے؛ اس ایپ سے dose اخذ نہ کریں۔,,Verify current Pakistan status,Generic reference — pharmacist/clinical review required
Clotrimazole,,Antifungal,فنگل انفیکشن,Cream/Vaginal preparation,,False,Topical fungal skin infections; selected mucosal infections,جلد کے fungal infections؛ بعض mucosal infections,Local irritation; burning,مقامی جلن؛ burning,"For topical use, follow duration on the product label.",topical استعمال میں label پر دی گئی مدت پر عمل کریں۔,Check approved product information and patient-specific contraindications before use.,استعمال سے پہلے approved product information اور مریض کی مخصوص contraindications چیک کریں۔,Check the complete medication list for clinically relevant interactions.,تمام استعمال ہونے والی medicines کی فہرست سے clinically relevant interactions چیک کریں۔,Use only after an indication-specific professional assessment.,صرف indication-specific professional assessment کے بعد استعمال کریں۔,"Pediatric use depends on age, weight, indication and formulation; do not infer a dose from this app.",بچوں میں استعمال عمر، وزن، indication اور formulation پر منحصر ہے؛ اس ایپ سے dose اخذ نہ کریں۔,,Verify current Pakistan status,Generic reference — pharmacist/clinical review required
Terbinafine,,Antifungal,فنگل انفیکشن,Cream/Tablet,,True,Dermatophyte skin/nail infections,جلد/ناخن کے dermatophyte infections,GI upset; taste disturbance; liver injury risk,معدے کی خرابی؛ taste میں تبدیلی؛ liver injury کا خطرہ,Systemic use may require liver-risk assessment.,systemic استعمال میں liver risk assessment کی ضرورت ہو سکتی ہے۔,Check approved product information and patient-specific contraindications before use.,استعمال سے پہلے approved product information اور مریض کی مخصوص contraindications چیک کریں۔,Check the complete medication list for clinically relevant interactions.,تمام استعمال ہونے والی medicines کی فہرست سے clinically relevant interactions چیک کریں۔,Use only after an indication-specific professional assessment.,صرف indication-specific professional assessment کے بعد استعمال کریں۔,"Pediatric use depends on age, weight, indication and formulation; do not infer a dose from this app.",بچوں میں استعمال عمر، وزن، indication اور formulation پر منحصر ہے؛ اس ایپ سے dose اخذ نہ کریں۔,,Verify current Pakistan status,Generic reference — pharmacist/clinical review required
Doxycycline,,Antibiotics,اینٹی بایوٹکس,Capsule/Tablet,,True,Selected bacterial infections; acne,منتخب bacterial infections؛ acne,GI upset; photosensitivity; esophagitis,معدے کی خرابی؛ دھوپ سے حساسیت؛ غذائی نالی میں جلن,Use only for appropriate bacterial indications; follow administration instructions.,صرف مناسب bacterial indications میں؛ administration instructions پر عمل کریں۔,Check approved product information and patient-specific contraindications before use.,استعمال سے پہلے approved product information اور مریض کی مخصوص contraindications چیک کریں۔,Check the complete medication list for clinically relevant interactions.,تمام استعمال ہونے والی medicines کی فہرست سے clinically relevant interactions چیک کریں۔,Use only after an indication-specific professional assessment.,صرف indication-specific professional assessment کے بعد استعمال کریں۔,"Pediatric use depends on age, weight, indication and formulation; do not infer a dose from this app.",بچوں میں استعمال عمر، وزن، indication اور formulation پر منحصر ہے؛ اس ایپ سے dose اخذ نہ کریں۔,,Verify current Pakistan status,Generic reference — pharmacist/clinical review required
Clarithromycin,,Antibiotics,اینٹی بایوٹکس,Tablet/Suspension,,True,Selected bacterial respiratory/other infections,منتخب bacterial respiratory/دیگر infections,Nausea; diarrhea; taste disturbance; QT prolongation/interactions,متلی؛ اسہال؛ ذائقے میں تبدیلی؛ QT prolongation/interactions,Review drug interactions and indication carefully.,drug interactions اور indication کا احتیاط سے جائزہ لیں۔,Check approved product information and patient-specific contraindications before use.,استعمال سے پہلے approved product information اور مریض کی مخصوص contraindications چیک کریں۔,Check the complete medication list for clinically relevant interactions.,تمام استعمال ہونے والی medicines کی فہرست سے clinically relevant interactions چیک کریں۔,Use only after an indication-specific professional assessment.,صرف indication-specific professional assessment کے بعد استعمال کریں۔,"Pediatric use depends on age, weight, indication and formulation; do not infer a dose from this app.",بچوں میں استعمال عمر، وزن، indication اور formulation پر منحصر ہے؛ اس ایپ سے dose اخذ نہ کریں۔,,Verify current Pakistan status,Generic reference — pharmacist/clinical review required
Cefixime,,Antibiotics,اینٹی بایوٹکس,Tablet/Suspension,,True,Selected bacterial infections,منتخب bacterial infections,Diarrhea; nausea; rash,اسہال؛ متلی؛ rash,Use only when clinically indicated; antibiotic stewardship matters.,صرف clinical indication پر؛ antibiotic stewardship اہم ہے۔,Check approved product information and patient-specific contraindications before use.,استعمال سے پہلے approved product information اور مریض کی مخصوص contraindications چیک کریں۔,Check the complete medication list for clinically relevant interactions.,تمام استعمال ہونے والی medicines کی فہرست سے clinically relevant interactions چیک کریں۔,Use only after an indication-specific professional assessment.,صرف indication-specific professional assessment کے بعد استعمال کریں۔,"Pediatric use depends on age, weight, indication and formulation; do not infer a dose from this app.",بچوں میں استعمال عمر، وزن، indication اور formulation پر منحصر ہے؛ اس ایپ سے dose اخذ نہ کریں۔,,Verify current Pakistan status,Generic reference — pharmacist/clinical review required
Cefuroxime,,Antibiotics,اینٹی بایوٹکس,Tablet/Injection,,True,Selected bacterial infections,منتخب bacterial infections,Diarrhea; nausea; rash,اسہال؛ متلی؛ rash,Complete the prescribed course unless the prescriber changes it.,prescribed course مکمل کریں جب تک prescriber تبدیل نہ کرے۔,Check approved product information and patient-specific contraindications before use.,استعمال سے پہلے approved product information اور مریض کی مخصوص contraindications چیک کریں۔,Check the complete medication list for clinically relevant interactions.,تمام استعمال ہونے والی medicines کی فہرست سے clinically relevant interactions چیک کریں۔,Use only after an indication-specific professional assessment.,صرف indication-specific professional assessment کے بعد استعمال کریں۔,"Pediatric use depends on age, weight, indication and formulation; do not infer a dose from this app.",بچوں میں استعمال عمر، وزن، indication اور formulation پر منحصر ہے؛ اس ایپ سے dose اخذ نہ کریں۔,,Verify current Pakistan status,Generic reference — pharmacist/clinical review required
Ceftriaxone,,Antibiotics,اینٹی بایوٹکس,Injection,,True,Serious selected bacterial infections,سنگین منتخب bacterial infections,Injection-site reactions; diarrhea; biliary complications,injection-site reactions؛ اسہال؛ biliary complications,Injection/IV/IM use should be by qualified healthcare professionals.,Injection/IV/IM استعمال qualified healthcare professional کے ذریعے ہونا چاہیے۔,Check approved product information and patient-specific contraindications before use.,استعمال سے پہلے approved product information اور مریض کی مخصوص contraindications چیک کریں۔,Check the complete medication list for clinically relevant interactions.,تمام استعمال ہونے والی medicines کی فہرست سے clinically relevant interactions چیک کریں۔,Use only after an indication-specific professional assessment.,صرف indication-specific professional assessment کے بعد استعمال کریں۔,"Pediatric use depends on age, weight, indication and formulation; do not infer a dose from this app.",بچوں میں استعمال عمر، وزن، indication اور formulation پر منحصر ہے؛ اس ایپ سے dose اخذ نہ کریں۔,,Verify current Pakistan status,Generic reference — pharmacist/clinical review required
Meropenem,,Antibiotics,اینٹی بایوٹکس,Injection,,True,Serious susceptible bacterial infections,سنگین susceptible bacterial infections,Diarrhea; rash; seizures risk in predisposed patients,اسہال؛ rash؛ predisposed patients میں seizures کا خطرہ,Hospital/qualified-prescriber use; antimicrobial stewardship is essential.,hospital/qualified prescriber use؛ antimicrobial stewardship ضروری ہے۔,Check approved product information and patient-specific contraindications before use.,استعمال سے پہلے approved product information اور مریض کی مخصوص contraindications چیک کریں۔,Check the complete medication list for clinically relevant interactions.,تمام استعمال ہونے والی medicines کی فہرست سے clinically relevant interactions چیک کریں۔,Use only after an indication-specific professional assessment.,صرف indication-specific professional assessment کے بعد استعمال کریں۔,"Pediatric use depends on age, weight, indication and formulation; do not infer a dose from this app.",بچوں میں استعمال عمر، وزن، indication اور formulation پر منحصر ہے؛ اس ایپ سے dose اخذ نہ کریں۔,,Verify current Pakistan status,Generic reference — pharmacist/clinical review required
Lisinopril,,Cardiovascular,بلڈ پریشر اور دل,Tablet,,True,Hypertension; heart failure,بلڈ پریشر؛ heart failure,Cough; dizziness; increased potassium; angioedema,کھانسی؛ چکر؛ potassium میں اضافہ؛ angioedema,Avoid in pregnancy; monitor renal function/potassium when appropriate.,حمل میں استعمال نہ کریں؛ مناسب صورت میں renal function/potassium مانیٹر کریں۔,Check approved product information and patient-specific contraindications before use.,استعمال سے پہلے approved product information اور مریض کی مخصوص contraindications چیک کریں۔,Check the complete medication list for clinically relevant interactions.,تمام استعمال ہونے والی medicines کی فہرست سے clinically relevant interactions چیک کریں۔,Use only after an indication-specific professional assessment.,صرف indication-specific professional assessment کے بعد استعمال کریں۔,"Pediatric use depends on age, weight, indication and formulation; do not infer a dose from this app.",بچوں میں استعمال عمر، وزن، indication اور formulation پر منحصر ہے؛ اس ایپ سے dose اخذ نہ کریں۔,,Verify current Pakistan status,Generic reference — pharmacist/clinical review required
Hydrochlorothiazide,,Cardiovascular,بلڈ پریشر اور دل,Tablet,,True,Hypertension; edema,بلڈ پریشر؛ سوجن,Electrolyte disturbances; dehydration; photosensitivity,electrolyte disturbances؛ پانی کی کمی؛ photosensitivity,Monitor electrolytes when clinically appropriate.,مناسب صورت میں electrolytes مانیٹر کریں۔,Check approved product information and patient-specific contraindications before use.,استعمال سے پہلے approved product information اور مریض کی مخصوص contraindications چیک کریں۔,Check the complete medication list for clinically relevant interactions.,تمام استعمال ہونے والی medicines کی فہرست سے clinically relevant interactions چیک کریں۔,Use only after an indication-specific professional assessment.,صرف indication-specific professional assessment کے بعد استعمال کریں۔,"Pediatric use depends on age, weight, indication and formulation; do not infer a dose from this app.",بچوں میں استعمال عمر، وزن، indication اور formulation پر منحصر ہے؛ اس ایپ سے dose اخذ نہ کریں۔,,Verify current Pakistan status,Generic reference — pharmacist/clinical review required
Spironolactone,,Cardiovascular,بلڈ پریشر اور دل,Tablet,,True,Selected heart failure; edema; hyperaldosteronism,منتخب heart failure؛ edema؛ hyperaldosteronism,High potassium; breast tenderness; menstrual changes,potassium زیادہ ہونا؛ breast tenderness؛ ماہواری میں تبدیلی,Potassium and kidney function monitoring may be required.,potassium اور kidney function monitoring کی ضرورت ہو سکتی ہے۔,Check approved product information and patient-specific contraindications before use.,استعمال سے پہلے approved product information اور مریض کی مخصوص contraindications چیک کریں۔,Check the complete medication list for clinically relevant interactions.,تمام استعمال ہونے والی medicines کی فہرست سے clinically relevant interactions چیک کریں۔,Use only after an indication-specific professional assessment.,صرف indication-specific professional assessment کے بعد استعمال کریں۔,"Pediatric use depends on age, weight, indication and formulation; do not infer a dose from this app.",بچوں میں استعمال عمر، وزن، indication اور formulation پر منحصر ہے؛ اس ایپ سے dose اخذ نہ کریں۔,,Verify current Pakistan status,Generic reference — pharmacist/clinical review required
Metformin,,Diabetes,ذیابیطس,Tablet,,True,Type 2 diabetes; selected metabolic indications,Type 2 diabetes؛ بعض metabolic indications,GI upset; diarrhea; vitamin B12 reduction; rare lactic acidosis,معدے کی خرابی؛ اسہال؛ vitamin B12 میں کمی؛ نایاب lactic acidosis,Renal function and acute illness considerations are important.,renal function اور acute illness اہم considerations ہیں۔,Check approved product information and patient-specific contraindications before use.,استعمال سے پہلے approved product information اور مریض کی مخصوص contraindications چیک کریں۔,Check the complete medication list for clinically relevant interactions.,تمام استعمال ہونے والی medicines کی فہرست سے clinically relevant interactions چیک کریں۔,Use only after an indication-specific professional assessment.,صرف indication-specific professional assessment کے بعد استعمال کریں۔,"Pediatric use depends on age, weight, indication and formulation; do not infer a dose from this app.",بچوں میں استعمال عمر، وزن، indication اور formulation پر منحصر ہے؛ اس ایپ سے dose اخذ نہ کریں۔,,Verify current Pakistan status,Generic reference — pharmacist/clinical review required
Gliclazide,,Diabetes,ذیابیطس,Tablet,,True,Type 2 diabetes,Type 2 diabetes,Hypoglycemia; weight gain; GI upset,شوگر کم ہونا؛ وزن بڑھنا؛ معدے کی خرابی,Meal timing and glucose monitoring are important.,meal timing اور glucose monitoring اہم ہیں۔,Check approved product information and patient-specific contraindications before use.,استعمال سے پہلے approved product information اور مریض کی مخصوص contraindications چیک کریں۔,Check the complete medication list for clinically relevant interactions.,تمام استعمال ہونے والی medicines کی فہرست سے clinically relevant interactions چیک کریں۔,Use only after an indication-specific professional assessment.,صرف indication-specific professional assessment کے بعد استعمال کریں۔,"Pediatric use depends on age, weight, indication and formulation; do not infer a dose from this app.",بچوں میں استعمال عمر، وزن، indication اور formulation پر منحصر ہے؛ اس ایپ سے dose اخذ نہ کریں۔,,Verify current Pakistan status,Generic reference — pharmacist/clinical review required
Sitagliptin,,Diabetes,ذیابیطس,Tablet,,True,Type 2 diabetes,Type 2 diabetes,Headache; GI symptoms; rare pancreatitis,سر درد؛ GI symptoms؛ نایاب pancreatitis,Dose selection may depend on kidney function.,dose selection kidney function پر depend کر سکتی ہے۔,Check approved product information and patient-specific contraindications before use.,استعمال سے پہلے approved product information اور مریض کی مخصوص contraindications چیک کریں۔,Check the complete medication list for clinically relevant interactions.,تمام استعمال ہونے والی medicines کی فہرست سے clinically relevant interactions چیک کریں۔,Use only after an indication-specific professional assessment.,صرف indication-specific professional assessment کے بعد استعمال کریں۔,"Pediatric use depends on age, weight, indication and formulation; do not infer a dose from this app.",بچوں میں استعمال عمر، وزن، indication اور formulation پر منحصر ہے؛ اس ایپ سے dose اخذ نہ کریں۔,,Verify current Pakistan status,Generic reference — pharmacist/clinical review required
Empagliflozin,,Diabetes,ذیابیطس,Tablet,,True,Type 2 diabetes; selected cardiovascular/renal indications,Type 2 diabetes؛ بعض cardiovascular/renal indications,Genital infections; dehydration; ketoacidosis risk,genital infections؛ پانی کی کمی؛ ketoacidosis کا خطرہ,Sick-day and perioperative considerations require professional guidance.,acute illness/surgery کے دوران professional guidance ضروری ہے۔,Check approved product information and patient-specific contraindications before use.,استعمال سے پہلے approved product information اور مریض کی مخصوص contraindications چیک کریں۔,Check the complete medication list for clinically relevant interactions.,تمام استعمال ہونے والی medicines کی فہرست سے clinically relevant interactions چیک کریں۔,Use only after an indication-specific professional assessment.,صرف indication-specific professional assessment کے بعد استعمال کریں۔,"Pediatric use depends on age, weight, indication and formulation; do not infer a dose from this app.",بچوں میں استعمال عمر، وزن، indication اور formulation پر منحصر ہے؛ اس ایپ سے dose اخذ نہ کریں۔,,Verify current Pakistan status,Generic reference — pharmacist/clinical review required
Insulin,,Diabetes,ذیابیطس,Injection,,True,Diabetes requiring insulin therapy,وہ diabetes جس میں insulin therapy درکار ہو,Hypoglycemia; injection-site reactions; weight gain,شوگر بہت کم ہونا؛ injection-site reactions؛ وزن بڑھنا,"Individual regimen, storage and glucose monitoring are essential.",individual regimen، storage اور glucose monitoring ضروری ہیں۔,Check approved product information and patient-specific contraindications before use.,استعمال سے پہلے approved product information اور مریض کی مخصوص contraindications چیک کریں۔,Check the complete medication list for clinically relevant interactions.,تمام استعمال ہونے والی medicines کی فہرست سے clinically relevant interactions چیک کریں۔,Use only after an indication-specific professional assessment.,صرف indication-specific professional assessment کے بعد استعمال کریں۔,"Pediatric use depends on age, weight, indication and formulation; do not infer a dose from this app.",بچوں میں استعمال عمر، وزن، indication اور formulation پر منحصر ہے؛ اس ایپ سے dose اخذ نہ کریں۔,,Verify current Pakistan status,Generic reference — pharmacist/clinical review required
Diclofenac,,Pain & Fever,درد اور بخار,Tablet/Gel/Injection,,True,Pain and inflammation,درد اور سوزش,GI irritation/ulcer; kidney effects; cardiovascular risk,معدے کی جلن/السر؛ kidney effects؛ cardiovascular risk,Use the lowest effective exposure; avoid duplicate NSAIDs.,مؤثر کم سے کم exposure؛ دوسرے NSAIDs کے ساتھ duplication سے بچیں۔,Check approved product information and patient-specific contraindications before use.,استعمال سے پہلے approved product information اور مریض کی مخصوص contraindications چیک کریں۔,Check the complete medication list for clinically relevant interactions.,تمام استعمال ہونے والی medicines کی فہرست سے clinically relevant interactions چیک کریں۔,Use only after an indication-specific professional assessment.,صرف indication-specific professional assessment کے بعد استعمال کریں۔,"Pediatric use depends on age, weight, indication and formulation; do not infer a dose from this app.",بچوں میں استعمال عمر، وزن، indication اور formulation پر منحصر ہے؛ اس ایپ سے dose اخذ نہ کریں۔,,Verify current Pakistan status,Generic reference — pharmacist/clinical review required
Naproxen,,Pain & Fever,درد اور بخار,Tablet,,True,Pain and inflammation,درد اور سوزش,GI irritation/ulcer; kidney effects; cardiovascular risk,معدے کی جلن/السر؛ kidney effects؛ cardiovascular risk,Avoid combining with other NSAIDs unless specifically directed.,دوسرے NSAIDs کے ساتھ combination سے بچیں جب تک خاص ہدایت نہ ہو۔,Check approved product information and patient-specific contraindications before use.,استعمال سے پہلے approved product information اور مریض کی مخصوص contraindications چیک کریں۔,Check the complete medication list for clinically relevant interactions.,تمام استعمال ہونے والی medicines کی فہرست سے clinically relevant interactions چیک کریں۔,Use only after an indication-specific professional assessment.,صرف indication-specific professional assessment کے بعد استعمال کریں۔,"Pediatric use depends on age, weight, indication and formulation; do not infer a dose from this app.",بچوں میں استعمال عمر، وزن، indication اور formulation پر منحصر ہے؛ اس ایپ سے dose اخذ نہ کریں۔,,Verify current Pakistan status,Generic reference — pharmacist/clinical review required
Ketorolac,,Pain & Fever,درد اور بخار,Tablet/Injection,,True,Short-term moderate to severe pain,مختصر مدت کا درمیانے سے شدید درد,GI bleeding; kidney injury; dizziness,GI bleeding؛ kidney injury؛ چکر,Short-term use only under appropriate professional direction.,مناسب professional direction کے تحت short-term استعمال۔,Check approved product information and patient-specific contraindications before use.,استعمال سے پہلے approved product information اور مریض کی مخصوص contraindications چیک کریں۔,Check the complete medication list for clinically relevant interactions.,تمام استعمال ہونے والی medicines کی فہرست سے clinically relevant interactions چیک کریں۔,Use only after an indication-specific professional assessment.,صرف indication-specific professional assessment کے بعد استعمال کریں۔,"Pediatric use depends on age, weight, indication and formulation; do not infer a dose from this app.",بچوں میں استعمال عمر، وزن، indication اور formulation پر منحصر ہے؛ اس ایپ سے dose اخذ نہ کریں۔,,Verify current Pakistan status,Generic reference — pharmacist/clinical review required
Tramadol,,Pain & Fever,درد اور بخار,Capsule/Tablet/Injection,,True,Moderate pain in selected patients,منتخب مریضوں میں درمیانہ درد,Drowsiness; nausea; constipation; seizures/serotonin syndrome risk,غنودگی؛ متلی؛ قبض؛ seizures/serotonin syndrome کا خطرہ,Opioid medicine; assess interactions and dependence risk.,opioid medicine؛ interactions اور dependence risk کا جائزہ ضروری ہے۔,Check approved product information and patient-specific contraindications before use.,استعمال سے پہلے approved product information اور مریض کی مخصوص contraindications چیک کریں۔,Check the complete medication list for clinically relevant interactions.,تمام استعمال ہونے والی medicines کی فہرست سے clinically relevant interactions چیک کریں۔,Use only after an indication-specific professional assessment.,صرف indication-specific professional assessment کے بعد استعمال کریں۔,"Pediatric use depends on age, weight, indication and formulation; do not infer a dose from this app.",بچوں میں استعمال عمر، وزن، indication اور formulation پر منحصر ہے؛ اس ایپ سے dose اخذ نہ کریں۔,,Verify current Pakistan status,Generic reference — pharmacist/clinical review required
Hydrocortisone,,Dermatology,جلد,Cream/Ointment,,False,Inflammatory skin conditions; selected steroid indications,سوزش والی جلدی بیماریاں؛ منتخب steroid indications,Skin thinning; irritation; systemic effects with extensive use,جلد پتلی ہونا؛ جلن؛ وسیع استعمال میں systemic effects,Use topical steroids appropriately and avoid prolonged unsupervised use.,topical steroid مناسب طریقے سے استعمال کریں؛ طویل خود سے استعمال سے بچیں۔,Check approved product information and patient-specific contraindications before use.,استعمال سے پہلے approved product information اور مریض کی مخصوص contraindications چیک کریں۔,Check the complete medication list for clinically relevant interactions.,تمام استعمال ہونے والی medicines کی فہرست سے clinically relevant interactions چیک کریں۔,Use only after an indication-specific professional assessment.,صرف indication-specific professional assessment کے بعد استعمال کریں۔,"Pediatric use depends on age, weight, indication and formulation; do not infer a dose from this app.",بچوں میں استعمال عمر، وزن، indication اور formulation پر منحصر ہے؛ اس ایپ سے dose اخذ نہ کریں۔,,Verify current Pakistan status,Generic reference — pharmacist/clinical review required
Mupirocin,,Dermatology,جلد,Ointment/Cream,,True,Selected bacterial skin infections,منتخب bacterial skin infections,Local burning; irritation,مقامی burning؛ جلن,Use for appropriate bacterial indications and duration.,مناسب bacterial indication اور duration کے لیے استعمال کریں۔,Check approved product information and patient-specific contraindications before use.,استعمال سے پہلے approved product information اور مریض کی مخصوص contraindications چیک کریں۔,Check the complete medication list for clinically relevant interactions.,تمام استعمال ہونے والی medicines کی فہرست سے clinically relevant interactions چیک کریں۔,Use only after an indication-specific professional assessment.,صرف indication-specific professional assessment کے بعد استعمال کریں۔,"Pediatric use depends on age, weight, indication and formulation; do not infer a dose from this app.",بچوں میں استعمال عمر، وزن، indication اور formulation پر منحصر ہے؛ اس ایپ سے dose اخذ نہ کریں۔,,Verify current Pakistan status,Generic reference — pharmacist/clinical review required
Permethrin,,Dermatology,جلد,Cream/Lotion,,False,Scabies; lice in appropriate formulations,Scabies؛ مناسب formulation میں lice,Skin irritation; itching,جلد کی جلن؛ خارش,Treat close contacts/environment when appropriate for scabies control.,scabies میں مناسب صورت میں close contacts/environment بھی manage کریں۔,Check approved product information and patient-specific contraindications before use.,استعمال سے پہلے approved product information اور مریض کی مخصوص contraindications چیک کریں۔,Check the complete medication list for clinically relevant interactions.,تمام استعمال ہونے والی medicines کی فہرست سے clinically relevant interactions چیک کریں۔,Use only after an indication-specific professional assessment.,صرف indication-specific professional assessment کے بعد استعمال کریں۔,"Pediatric use depends on age, weight, indication and formulation; do not infer a dose from this app.",بچوں میں استعمال عمر، وزن، indication اور formulation پر منحصر ہے؛ اس ایپ سے dose اخذ نہ کریں۔,,Verify current Pakistan status,Generic reference — pharmacist/clinical review required
Tamsulosin,,Urology,یورولوجی,Capsule/Tablet,,True,Lower urinary tract symptoms due to benign prostatic enlargement,BPH سے متعلق urinary symptoms,Dizziness; orthostatic hypotension; ejaculation changes,چکر؛ کھڑے ہونے پر بلڈ پریشر کم؛ ejaculation میں تبدیلی,Take as directed; caution with dizziness and blood-pressure-lowering medicines.,ہدایت کے مطابق لیں؛ چکر اور BP-lowering medicines کے ساتھ احتیاط۔,Check approved product information and patient-specific contraindications before use.,استعمال سے پہلے approved product information اور مریض کی مخصوص contraindications چیک کریں۔,Check the complete medication list for clinically relevant interactions.,تمام استعمال ہونے والی medicines کی فہرست سے clinically relevant interactions چیک کریں۔,Use only after an indication-specific professional assessment.,صرف indication-specific professional assessment کے بعد استعمال کریں۔,"Pediatric use depends on age, weight, indication and formulation; do not infer a dose from this app.",بچوں میں استعمال عمر، وزن، indication اور formulation پر منحصر ہے؛ اس ایپ سے dose اخذ نہ کریں۔,,Verify current Pakistan status,Generic reference — pharmacist/clinical review required
Finasteride,,Urology,یورولوجی,Tablet,,True,Benign prostatic enlargement; male pattern hair loss,BPH؛ مردانہ pattern hair loss,Sexual dysfunction; mood changes,جنسی dysfunction؛ mood میں تبدیلی,Indication-specific counseling is important; handling precautions apply to certain tablets.,indication-specific counseling ضروری؛ بعض tablets کے handling precautions ہیں۔,Check approved product information and patient-specific contraindications before use.,استعمال سے پہلے approved product information اور مریض کی مخصوص contraindications چیک کریں۔,Check the complete medication list for clinically relevant interactions.,تمام استعمال ہونے والی medicines کی فہرست سے clinically relevant interactions چیک کریں۔,Use only after an indication-specific professional assessment.,صرف indication-specific professional assessment کے بعد استعمال کریں۔,"Pediatric use depends on age, weight, indication and formulation; do not infer a dose from this app.",بچوں میں استعمال عمر، وزن، indication اور formulation پر منحصر ہے؛ اس ایپ سے dose اخذ نہ کریں۔,,Verify current Pakistan status,Generic reference — pharmacist/clinical review required
Pantoprazole,,Gastrointestinal,معدہ اور آنتیں,Tablet/Injection,,True,GERD; acid-related disorders,GERD؛ تیزابیت سے متعلق بیماریاں,Headache; diarrhea; abdominal pain,سر درد؛ اسہال؛ پیٹ درد,Long-term use should have a clear indication and periodic review.,طویل استعمال کی واضح indication اور periodic review ہونی چاہیے۔,Check approved product information and patient-specific contraindications before use.,استعمال سے پہلے approved product information اور مریض کی مخصوص contraindications چیک کریں۔,Check the complete medication list for clinically relevant interactions.,تمام استعمال ہونے والی medicines کی فہرست سے clinically relevant interactions چیک کریں۔,Use only after an indication-specific professional assessment.,صرف indication-specific professional assessment کے بعد استعمال کریں۔,"Pediatric use depends on age, weight, indication and formulation; do not infer a dose from this app.",بچوں میں استعمال عمر، وزن، indication اور formulation پر منحصر ہے؛ اس ایپ سے dose اخذ نہ کریں۔,,Verify current Pakistan status,Generic reference — pharmacist/clinical review required
Famotidine,,Gastrointestinal,معدہ اور آنتیں,Tablet/Injection,,True,Acid-related disorders; GERD,تیزابیت سے متعلق بیماریاں؛ GERD,Headache; dizziness; GI symptoms,سر درد؛ چکر؛ GI symptoms,Review kidney function for dosing in appropriate patients.,مناسب مریضوں میں kidney function کو مدنظر رکھیں۔,Check approved product information and patient-specific contraindications before use.,استعمال سے پہلے approved product information اور مریض کی مخصوص contraindications چیک کریں۔,Check the complete medication list for clinically relevant interactions.,تمام استعمال ہونے والی medicines کی فہرست سے clinically relevant interactions چیک کریں۔,Use only after an indication-specific professional assessment.,صرف indication-specific professional assessment کے بعد استعمال کریں۔,"Pediatric use depends on age, weight, indication and formulation; do not infer a dose from this app.",بچوں میں استعمال عمر، وزن، indication اور formulation پر منحصر ہے؛ اس ایپ سے dose اخذ نہ کریں۔,,Verify current Pakistan status,Generic reference — pharmacist/clinical review required
Lactulose,,Gastrointestinal,معدہ اور آنتیں,Syrup,,False,Constipation; hepatic encephalopathy,قبض؛ hepatic encephalopathy,Bloating; gas; diarrhea,پیٹ پھولنا؛ gas؛ اسہال,Adjust according to indication and response; maintain hydration where appropriate.,indication/response کے مطابق adjust؛ مناسب hydration رکھیں۔,Check approved product information and patient-specific contraindications before use.,استعمال سے پہلے approved product information اور مریض کی مخصوص contraindications چیک کریں۔,Check the complete medication list for clinically relevant interactions.,تمام استعمال ہونے والی medicines کی فہرست سے clinically relevant interactions چیک کریں۔,Use only after an indication-specific professional assessment.,صرف indication-specific professional assessment کے بعد استعمال کریں۔,"Pediatric use depends on age, weight, indication and formulation; do not infer a dose from this app.",بچوں میں استعمال عمر، وزن، indication اور formulation پر منحصر ہے؛ اس ایپ سے dose اخذ نہ کریں۔,,Verify current Pakistan status,Generic reference — pharmacist/clinical review required
Bisacodyl,,Gastrointestinal,معدہ اور آنتیں,Tablet/Suppository,,False,Short-term constipation; bowel preparation,مختصر مدت کی قبض؛ bowel preparation,Abdominal cramps; diarrhea,پیٹ میں مروڑ؛ اسہال,Avoid prolonged unsupervised laxative use.,طویل خود سے laxative استعمال سے بچیں۔,Check approved product information and patient-specific contraindications before use.,استعمال سے پہلے approved product information اور مریض کی مخصوص contraindications چیک کریں۔,Check the complete medication list for clinically relevant interactions.,تمام استعمال ہونے والی medicines کی فہرست سے clinically relevant interactions چیک کریں۔,Use only after an indication-specific professional assessment.,صرف indication-specific professional assessment کے بعد استعمال کریں۔,"Pediatric use depends on age, weight, indication and formulation; do not infer a dose from this app.",بچوں میں استعمال عمر، وزن، indication اور formulation پر منحصر ہے؛ اس ایپ سے dose اخذ نہ کریں۔,,Verify current Pakistan status,Generic reference — pharmacist/clinical review required
Ondansetron,,Gastrointestinal,معدہ اور آنتیں,Tablet/Injection,,True,Prevention/treatment of nausea and vomiting in selected settings,منتخب حالات میں متلی اور قے کی روک تھام/علاج,Headache; constipation; QT prolongation,سر درد؛ قبض؛ QT prolongation,Consider interaction and cardiac-risk factors when relevant.,مناسب صورت میں interactions اور cardiac-risk factors دیکھیں۔,Check approved product information and patient-specific contraindications before use.,استعمال سے پہلے approved product information اور مریض کی مخصوص contraindications چیک کریں۔,Check the complete medication list for clinically relevant interactions.,تمام استعمال ہونے والی medicines کی فہرست سے clinically relevant interactions چیک کریں۔,Use only after an indication-specific professional assessment.,صرف indication-specific professional assessment کے بعد استعمال کریں۔,"Pediatric use depends on age, weight, indication and formulation; do not infer a dose from this app.",بچوں میں استعمال عمر، وزن، indication اور formulation پر منحصر ہے؛ اس ایپ سے dose اخذ نہ کریں۔,,Verify current Pakistan status,Generic reference — pharmacist/clinical review required
Oral Rehydration Salts,,Gastrointestinal,معدہ اور آنتیں,Powder/Solution,,False,Prevention/treatment of dehydration from diarrhea,اسہال سے dehydration کی روک تھام/علاج,Vomiting if taken too quickly; electrolyte issues if improperly prepared,بہت تیزی سے لینے پر قے؛ غلط preparation میں electrolyte مسائل,Prepare exactly according to packet instructions.,packet instructions کے مطابق ہی تیار کریں۔,Check approved product information and patient-specific contraindications before use.,استعمال سے پہلے approved product information اور مریض کی مخصوص contraindications چیک کریں۔,Check the complete medication list for clinically relevant interactions.,تمام استعمال ہونے والی medicines کی فہرست سے clinically relevant interactions چیک کریں۔,Use only after an indication-specific professional assessment.,صرف indication-specific professional assessment کے بعد استعمال کریں۔,"Pediatric use depends on age, weight, indication and formulation; do not infer a dose from this app.",بچوں میں استعمال عمر، وزن، indication اور formulation پر منحصر ہے؛ اس ایپ سے dose اخذ نہ کریں۔,,Verify current Pakistan status,Generic reference — pharmacist/clinical review required
Vitamin D,,Vitamins & Minerals,وٹامنز اور منرلز,Tablet/Capsule/Drop,,False,Vitamin D deficiency and supplementation,Vitamin D deficiency اور supplementation,High levels can cause hypercalcemia; GI symptoms,زیادہ مقدار میں hypercalcemia؛ GI symptoms,Dose and duration should match the clinical need; avoid unnecessary high-dose use.,dose اور duration clinical need کے مطابق؛ غیر ضروری high-dose سے بچیں۔,Check approved product information and patient-specific contraindications before use.,استعمال سے پہلے approved product information اور مریض کی مخصوص contraindications چیک کریں۔,Check the complete medication list for clinically relevant interactions.,تمام استعمال ہونے والی medicines کی فہرست سے clinically relevant interactions چیک کریں۔,Use only after an indication-specific professional assessment.,صرف indication-specific professional assessment کے بعد استعمال کریں۔,"Pediatric use depends on age, weight, indication and formulation; do not infer a dose from this app.",بچوں میں استعمال عمر، وزن، indication اور formulation پر منحصر ہے؛ اس ایپ سے dose اخذ نہ کریں۔,,Verify current Pakistan status,Generic reference — pharmacist/clinical review required
Calcium Carbonate,,Vitamins & Minerals,وٹامنز اور منرلز,Tablet/Chewable,,False,Calcium supplementation; antacid use,calcium supplementation؛ antacid,Constipation; bloating; high calcium with excess,قبض؛ پیٹ پھولنا؛ زیادہ استعمال میں calcium بڑھنا,Separate from medicines with important absorption interactions when advised.,اہم absorption interactions والی medicines سے مناسب وقفہ رکھیں۔,Check approved product information and patient-specific contraindications before use.,استعمال سے پہلے approved product information اور مریض کی مخصوص contraindications چیک کریں۔,Check the complete medication list for clinically relevant interactions.,تمام استعمال ہونے والی medicines کی فہرست سے clinically relevant interactions چیک کریں۔,Use only after an indication-specific professional assessment.,صرف indication-specific professional assessment کے بعد استعمال کریں۔,"Pediatric use depends on age, weight, indication and formulation; do not infer a dose from this app.",بچوں میں استعمال عمر، وزن، indication اور formulation پر منحصر ہے؛ اس ایپ سے dose اخذ نہ کریں۔,,Verify current Pakistan status,Generic reference — pharmacist/clinical review required
Ferrous Sulfate,,Vitamins & Minerals,وٹامنز اور منرلز,Tablet/Syrup,,False,Iron deficiency,آئرن کی کمی,Constipation; nausea; dark stools,قبض؛ متلی؛ پاخانہ سیاہ ہونا,Keep away from children; absorption is affected by several foods/medicines.,بچوں سے دور رکھیں؛ کئی foods/medicines absorption متاثر کر سکتے ہیں۔,Check approved product information and patient-specific contraindications before use.,استعمال سے پہلے approved product information اور مریض کی مخصوص contraindications چیک کریں۔,Check the complete medication list for clinically relevant interactions.,تمام استعمال ہونے والی medicines کی فہرست سے clinically relevant interactions چیک کریں۔,Use only after an indication-specific professional assessment.,صرف indication-specific professional assessment کے بعد استعمال کریں۔,"Pediatric use depends on age, weight, indication and formulation; do not infer a dose from this app.",بچوں میں استعمال عمر، وزن، indication اور formulation پر منحصر ہے؛ اس ایپ سے dose اخذ نہ کریں۔,,Verify current Pakistan status,Generic reference — pharmacist/clinical review required
Folic Acid,,Vitamins & Minerals,وٹامنز اور منرلز,Tablet,,False,Folate deficiency; supplementation in pregnancy planning under professional guidance,folate deficiency؛ pregnancy planning میں supplementation,Nausea; bloating; rare allergy,متلی؛ پیٹ پھولنا؛ نایاب allergy,Use the appropriate dose for the indication; high-dose therapy needs professional direction.,indication کے مطابق dose؛ high-dose therapy professional direction سے۔,Check approved product information and patient-specific contraindications before use.,استعمال سے پہلے approved product information اور مریض کی مخصوص contraindications چیک کریں۔,Check the complete medication list for clinically relevant interactions.,تمام استعمال ہونے والی medicines کی فہرست سے clinically relevant interactions چیک کریں۔,Use only after an indication-specific professional assessment.,صرف indication-specific professional assessment کے بعد استعمال کریں۔,"Pediatric use depends on age, weight, indication and formulation; do not infer a dose from this app.",بچوں میں استعمال عمر، وزن، indication اور formulation پر منحصر ہے؛ اس ایپ سے dose اخذ نہ کریں۔,,Verify current Pakistan status,Generic reference — pharmacist/clinical review required
